-- MySQL dump 10.13  Distrib 5.7.33, for Linux (x86_64)
--
-- Host: localhost    Database: new_nus
-- ------------------------------------------------------
-- Server version	5.7.33-log

/*!40101 SET @OLD_CHARACTER_SET_CLIENT=@@CHARACTER_SET_CLIENT */;
/*!40101 SET @OLD_CHARACTER_SET_RESULTS=@@CHARACTER_SET_RESULTS */;
/*!40101 SET @OLD_COLLATION_CONNECTION=@@COLLATION_CONNECTION */;
/*!40101 SET NAMES utf8 */;
/*!40103 SET @OLD_TIME_ZONE=@@TIME_ZONE */;
/*!40103 SET TIME_ZONE='+00:00' */;
/*!40014 SET @OLD_UNIQUE_CHECKS=@@UNIQUE_CHECKS, UNIQUE_CHECKS=0 */;
/*!40014 SET @OLD_FOREIGN_KEY_CHECKS=@@FOREIGN_KEY_CHECKS, FOREIGN_KEY_CHECKS=0 */;
/*!40101 SET @OLD_SQL_MODE=@@SQL_MODE, SQL_MODE='NO_AUTO_VALUE_ON_ZERO' */;
/*!40111 SET @OLD_SQL_NOTES=@@SQL_NOTES, SQL_NOTES=0 */;

--
-- Table structure for table `ACTIVITY_HISTORY`
--

DROP TABLE IF EXISTS `ACTIVITY_HISTORY`;
/*!40101 SET @saved_cs_client     = @@character_set_client */;
/*!40101 SET character_set_client = utf8 */;
CREATE TABLE `ACTIVITY_HISTORY` (
  `ID` int(11) NOT NULL AUTO_INCREMENT,
  `WHO` int(11) DEFAULT NULL,
  `WHEN` datetime NOT NULL DEFAULT CURRENT_TIMESTAMP,
  `PREV_PAGE` int(11) DEFAULT NULL,
  `CURR_PAGE` int(11) NOT NULL,
  `SESSION_TOKEN` int(10) unsigned NOT NULL,
  PRIMARY KEY (`ID`)
) ENGINE=InnoDB AUTO_INCREMENT=851 DEFAULT CHARSET=latin1;
/*!40101 SET character_set_client = @saved_cs_client */;

--
-- Dumping data for table `ACTIVITY_HISTORY`
--

LOCK TABLES `ACTIVITY_HISTORY` WRITE;
/*!40000 ALTER TABLE `ACTIVITY_HISTORY` DISABLE KEYS */;
INSERT INTO `ACTIVITY_HISTORY` VALUES (10,1,'2021-02-11 22:53:36',10,12,4),(11,1,'2021-02-11 22:54:58',12,12,4),(12,1,'2021-02-11 22:55:03',12,13,5),(13,1,'2021-02-11 22:55:03',13,1,5),(14,1,'2021-02-11 22:55:05',1,14,5),(15,1,'2021-02-11 22:56:18',14,14,5),(16,1,'2021-02-11 22:56:21',14,14,5),(17,1,'2021-02-11 22:56:21',14,15,5),(18,1,'2021-02-11 22:56:44',15,1,5),(23,1,'2021-02-11 22:57:47',9,14,8),(24,1,'2021-02-11 22:58:00',14,14,8),(25,1,'2021-02-11 22:58:04',14,14,8),(26,1,'2021-02-11 22:58:07',14,14,8),(49,1,'2021-02-11 23:05:57',9,14,15),(50,1,'2021-02-11 23:05:57',14,14,15),(51,1,'2021-02-11 23:06:04',14,1,15),(52,1,'2021-02-11 23:07:37',1,14,15),(345,1,'2021-02-13 14:28:28',9,14,171),(346,1,'2021-02-13 14:29:35',14,14,171),(357,1,'2021-02-13 15:21:43',14,14,171),(411,1,'2021-02-14 13:28:29',14,14,171),(412,1,'2021-02-14 13:58:18',14,14,171),(417,1,'2021-02-14 15:07:57',14,14,171),(509,NULL,'2021-02-15 10:14:33',NULL,1,298),(510,NULL,'2021-02-15 10:14:35',NULL,5,299),(511,NULL,'2021-02-15 10:14:35',5,1,299),(512,NULL,'2021-02-15 10:25:45',NULL,1,300),(513,NULL,'2021-02-15 10:34:24',NULL,2,301),(514,NULL,'2021-02-15 10:34:25',2,1,301),(515,NULL,'2021-02-15 10:35:07',NULL,1,302),(516,NULL,'2021-02-15 10:35:59',NULL,1,303),(517,NULL,'2021-02-15 10:36:23',1,5,303),(518,NULL,'2021-02-15 10:36:25',5,10,303),(519,NULL,'2021-02-15 10:36:40',NULL,1,304),(520,NULL,'2021-02-15 10:36:57',1,5,304),(521,NULL,'2021-02-15 10:36:59',5,10,304),(522,NULL,'2021-02-15 10:38:23',10,10,304),(523,NULL,'2021-02-15 10:38:29',10,11,304),(524,NULL,'2021-02-15 10:38:41',11,10,304),(525,7,'2021-02-15 10:38:42',10,12,305),(526,7,'2021-02-15 10:38:48',12,14,306),(527,7,'2021-02-15 10:40:08',14,14,306),(528,7,'2021-02-15 10:40:08',14,14,306),(529,NULL,'2021-02-15 10:41:36',NULL,1,307),(530,NULL,'2021-02-15 10:53:02',NULL,1,308),(531,NULL,'2021-02-15 11:12:48',1,1,300),(532,NULL,'2021-02-15 11:12:49',1,1,300),(533,NULL,'2021-02-15 11:12:59',1,2,300),(534,NULL,'2021-02-15 11:18:40',NULL,1,309),(535,NULL,'2021-02-15 11:20:24',NULL,2,310),(536,NULL,'2021-02-15 11:38:56',2,1,300),(537,NULL,'2021-02-15 11:38:56',1,1,300),(538,NULL,'2021-02-15 11:41:20',1,9,300),(539,7,'2021-02-15 11:41:32',9,14,311),(540,7,'2021-02-15 11:41:37',14,14,311),(541,7,'2021-02-15 11:41:39',14,16,311),(542,7,'2021-02-15 11:41:42',16,14,311),(543,7,'2021-02-15 11:41:44',14,14,311),(544,7,'2021-02-15 11:41:51',14,1,311),(545,7,'2021-02-15 11:43:58',1,14,311),(546,7,'2021-02-15 11:44:13',14,14,311),(547,7,'2021-02-15 11:44:15',14,14,311),(548,7,'2021-02-15 11:44:25',14,14,311),(549,7,'2021-02-15 11:44:27',14,14,311),(550,7,'2021-02-15 11:44:32',14,14,311),(551,7,'2021-02-15 11:44:37',14,14,311),(552,7,'2021-02-15 11:44:47',14,14,311),(553,7,'2021-02-15 11:46:51',14,1,311),(554,NULL,'2021-02-15 11:48:04',NULL,1,312),(555,NULL,'2021-02-15 11:52:57',NULL,1,313),(556,7,'2021-02-15 11:52:58',1,14,311),(557,NULL,'2021-02-15 11:53:13',NULL,1,314),(558,7,'2021-02-15 11:53:14',14,12,311),(559,NULL,'2021-02-15 11:53:15',1,1,314),(560,NULL,'2021-02-15 11:54:34',NULL,1,315),(561,NULL,'2021-02-15 11:54:36',NULL,9,316),(562,NULL,'2021-02-15 11:54:54',1,1,314),(563,NULL,'2021-02-15 11:55:10',1,5,314),(564,NULL,'2021-02-15 11:55:14',5,10,314),(565,7,'2021-02-15 11:55:55',12,12,311),(566,7,'2021-02-15 11:55:55',12,14,311),(567,NULL,'2021-02-15 11:56:13',10,10,314),(568,NULL,'2021-02-15 11:56:18',10,11,314),(569,NULL,'2021-02-15 11:56:55',11,10,314),(570,8,'2021-02-15 11:56:55',10,12,317),(571,8,'2021-02-15 11:57:01',12,14,318),(572,8,'2021-02-15 11:58:16',14,12,318),(573,8,'2021-02-15 11:58:27',12,12,318),(574,8,'2021-02-15 11:58:27',12,14,318),(575,8,'2021-02-15 11:58:29',14,12,318),(576,8,'2021-02-15 11:58:39',12,12,318),(577,8,'2021-02-15 11:58:39',12,14,318),(578,8,'2021-02-15 11:58:41',14,12,318),(579,8,'2021-02-15 11:59:20',12,12,318),(580,8,'2021-02-15 11:59:20',12,14,318),(581,8,'2021-02-15 11:59:25',14,14,318),(582,8,'2021-02-15 11:59:28',14,14,318),(583,8,'2021-02-15 11:59:37',14,14,318),(584,8,'2021-02-15 11:59:39',14,16,318),(585,8,'2021-02-15 11:59:42',16,14,318),(586,8,'2021-02-15 11:59:43',14,14,318),(587,8,'2021-02-15 12:00:37',14,14,318),(588,8,'2021-02-15 12:00:40',14,14,318),(589,8,'2021-02-15 12:00:41',14,14,318),(590,8,'2021-02-15 12:00:43',14,14,318),(591,8,'2021-02-15 12:00:44',14,14,318),(592,8,'2021-02-15 12:00:47',14,14,318),(593,8,'2021-02-15 12:00:50',14,14,318),(594,8,'2021-02-15 12:00:51',14,14,318),(595,8,'2021-02-15 12:00:52',14,14,318),(596,8,'2021-02-15 12:00:55',14,14,318),(597,8,'2021-02-15 12:01:42',14,14,318),(598,8,'2021-02-15 12:01:54',14,14,318),(599,8,'2021-02-15 12:06:49',14,1,318),(600,NULL,'2021-02-15 12:12:09',NULL,1,319),(601,8,'2021-02-15 12:12:19',1,1,318),(602,NULL,'2021-02-15 12:12:19',NULL,1,320),(603,NULL,'2021-02-15 12:28:13',1,5,319),(604,NULL,'2021-02-15 12:29:07',5,2,319),(605,NULL,'2021-02-15 12:45:13',NULL,1,321),(606,NULL,'2021-02-15 12:59:47',2,7,319),(607,NULL,'2021-02-15 12:59:51',7,1,319),(608,NULL,'2021-02-15 12:59:58',1,8,319),(609,NULL,'2021-02-15 13:00:00',8,1,319),(610,NULL,'2021-02-15 13:11:45',NULL,1,322),(611,NULL,'2021-02-15 13:11:50',NULL,2,323),(612,NULL,'2021-02-15 13:11:53',NULL,1,324),(613,NULL,'2021-02-15 13:50:33',NULL,1,325),(614,NULL,'2021-02-15 13:50:34',1,1,325),(615,NULL,'2021-02-15 13:50:46',1,5,325),(616,NULL,'2021-02-15 14:16:02',NULL,1,326),(617,NULL,'2021-02-15 14:16:57',1,9,326),(618,NULL,'2021-02-15 14:17:21',NULL,1,327),(619,NULL,'2021-02-15 14:17:23',NULL,1,328),(620,NULL,'2021-02-15 14:17:24',1,5,327),(621,NULL,'2021-02-15 14:17:26',NULL,1,329),(622,7,'2021-02-15 14:17:47',9,14,330),(623,7,'2021-02-15 14:17:57',14,1,330),(624,NULL,'2021-02-15 14:18:14',NULL,1,331),(625,NULL,'2021-02-15 14:19:03',NULL,1,332),(626,NULL,'2021-02-15 14:20:57',5,1,327),(627,7,'2021-02-15 14:22:18',1,14,330),(628,NULL,'2021-02-15 14:27:24',NULL,1,333),(629,NULL,'2021-02-15 14:28:04',NULL,1,334),(630,NULL,'2021-02-15 14:36:00',NULL,1,335),(631,NULL,'2021-02-15 14:45:13',NULL,1,336),(632,NULL,'2021-02-15 14:46:00',5,1,325),(633,NULL,'2021-02-15 14:46:01',1,1,325),(634,NULL,'2021-02-15 14:46:05',1,5,325),(635,NULL,'2021-02-15 14:49:56',NULL,1,337),(636,NULL,'2021-02-15 14:55:34',NULL,1,338),(637,NULL,'2021-02-15 14:55:34',NULL,1,339),(638,NULL,'2021-02-15 14:58:34',1,1,337),(639,NULL,'2021-02-15 14:58:47',1,7,337),(640,NULL,'2021-02-15 14:58:53',7,6,337),(641,NULL,'2021-02-15 14:59:35',6,1,337),(642,NULL,'2021-02-15 15:04:58',NULL,1,340),(643,NULL,'2021-02-15 15:04:58',NULL,1,341),(644,NULL,'2021-02-15 15:04:58',NULL,1,342),(645,NULL,'2021-02-15 15:04:58',1,1,340),(646,NULL,'2021-02-15 15:06:31',1,6,340),(647,NULL,'2021-02-15 15:06:37',6,5,340),(648,NULL,'2021-02-15 15:11:17',1,3,319),(649,NULL,'2021-02-15 15:18:25',3,3,319),(650,NULL,'2021-02-15 15:18:28',3,3,319),(651,NULL,'2021-02-15 15:23:52',3,2,319),(652,NULL,'2021-02-15 15:35:34',2,1,319),(653,NULL,'2021-02-15 15:55:02',NULL,1,343),(654,NULL,'2021-02-15 15:55:04',NULL,1,344),(655,NULL,'2021-02-15 15:55:30',1,5,343),(656,NULL,'2021-02-15 15:55:31',NULL,1,345),(657,NULL,'2021-02-15 15:55:32',5,6,343),(658,NULL,'2021-02-15 15:55:53',NULL,1,346),(659,NULL,'2021-02-15 15:55:53',NULL,1,347),(660,NULL,'2021-02-15 16:00:03',1,9,312),(661,7,'2021-02-15 16:00:14',9,14,348),(662,NULL,'2021-02-15 16:00:17',NULL,1,349),(663,7,'2021-02-15 16:00:18',14,14,348),(664,7,'2021-02-15 16:00:23',14,14,348),(665,7,'2021-02-15 16:00:25',14,14,348),(666,7,'2021-02-15 16:00:58',14,14,348),(667,NULL,'2021-02-15 16:05:45',NULL,1,350),(668,NULL,'2021-02-15 16:06:03',NULL,1,351),(669,NULL,'2021-02-15 16:11:39',NULL,1,352),(670,NULL,'2021-02-15 16:29:09',1,1,351),(671,NULL,'2021-02-15 16:29:09',1,1,351),(672,NULL,'2021-02-15 16:29:29',NULL,1,353),(673,NULL,'2021-02-15 16:29:50',NULL,1,354),(674,NULL,'2021-02-15 16:34:58',NULL,1,355),(675,NULL,'2021-02-15 16:38:20',1,5,355),(676,NULL,'2021-02-15 16:38:49',1,9,351),(677,7,'2021-02-15 16:38:58',9,14,356),(678,7,'2021-02-15 16:39:18',14,14,356),(679,7,'2021-02-15 16:39:25',14,14,356),(680,7,'2021-02-15 16:39:27',14,14,356),(681,7,'2021-02-15 16:39:28',14,14,356),(682,NULL,'2021-02-15 16:47:30',NULL,1,357),(683,NULL,'2021-02-15 16:47:59',NULL,1,358),(684,NULL,'2021-02-15 16:48:04',1,9,358),(685,8,'2021-02-15 16:48:24',9,14,359),(686,8,'2021-02-15 16:48:29',14,12,359),(687,8,'2021-02-15 16:48:37',12,12,359),(688,8,'2021-02-15 16:48:37',12,14,359),(689,8,'2021-02-15 16:48:43',14,14,359),(690,8,'2021-02-15 16:49:19',14,14,359),(691,8,'2021-02-15 16:49:22',14,14,359),(692,8,'2021-02-15 16:49:24',14,14,359),(693,8,'2021-02-15 16:49:27',14,14,359),(694,8,'2021-02-15 16:49:42',14,14,359),(695,NULL,'2021-02-15 16:53:22',NULL,1,360),(696,NULL,'2021-02-15 16:53:26',1,5,360),(697,NULL,'2021-02-15 16:54:10',1,1,319),(698,NULL,'2021-02-15 16:54:24',1,1,319),(699,NULL,'2021-02-15 16:55:45',NULL,5,361),(700,NULL,'2021-02-15 16:55:48',5,1,361),(701,NULL,'2021-02-15 17:03:34',5,1,360),(702,NULL,'2021-02-15 17:03:39',1,7,360),(703,NULL,'2021-02-15 17:03:43',7,1,360),(704,NULL,'2021-02-15 18:07:32',1,3,319),(705,NULL,'2021-02-15 18:07:33',3,3,319),(706,NULL,'2021-02-15 19:17:05',NULL,1,362),(707,NULL,'2021-02-15 19:17:07',1,1,362),(708,NULL,'2021-02-15 19:20:40',NULL,1,363),(709,NULL,'2021-02-15 19:35:53',NULL,1,364),(710,NULL,'2021-02-15 19:39:09',3,1,319),(711,NULL,'2021-02-15 19:39:12',1,1,319),(712,NULL,'2021-02-15 19:41:25',1,6,319),(713,NULL,'2021-02-15 19:42:21',6,1,319),(714,NULL,'2021-02-15 19:42:30',1,10,319),(715,NULL,'2021-02-15 19:42:34',10,1,319),(716,NULL,'2021-02-15 19:54:47',1,1,319),(717,NULL,'2021-02-15 20:12:41',1,1,319),(718,NULL,'2021-02-15 20:55:53',NULL,1,365),(719,NULL,'2021-02-15 21:06:30',NULL,1,366),(720,NULL,'2021-02-15 21:06:34',NULL,2,367),(721,NULL,'2021-02-15 22:22:48',NULL,1,368),(722,NULL,'2021-02-15 22:38:35',NULL,1,369),(723,NULL,'2021-02-15 22:38:37',NULL,4,370),(724,NULL,'2021-02-15 22:38:37',4,1,370),(725,NULL,'2021-02-15 23:59:31',NULL,1,371),(726,NULL,'2021-02-15 23:59:34',NULL,3,372),(727,NULL,'2021-02-16 01:25:56',NULL,1,373),(728,NULL,'2021-02-16 01:25:57',NULL,1,374),(729,NULL,'2021-02-16 01:48:33',NULL,1,375),(730,NULL,'2021-02-16 01:48:33',NULL,1,376),(731,NULL,'2021-02-16 02:19:51',NULL,1,377),(732,NULL,'2021-02-16 02:58:54',NULL,1,378),(733,NULL,'2021-02-16 02:58:55',NULL,1,379),(734,NULL,'2021-02-16 04:38:14',NULL,1,380),(735,NULL,'2021-02-16 04:39:16',NULL,1,381),(736,NULL,'2021-02-16 04:39:18',NULL,5,382),(737,NULL,'2021-02-16 04:39:19',5,1,382),(738,NULL,'2021-02-16 04:58:38',NULL,1,383),(739,NULL,'2021-02-16 05:14:32',NULL,1,384),(740,NULL,'2021-02-16 05:14:36',NULL,9,385),(741,NULL,'2021-02-16 05:22:24',NULL,1,386),(742,NULL,'2021-02-16 05:41:34',NULL,1,387),(743,NULL,'2021-02-16 05:41:38',NULL,2,388),(744,NULL,'2021-02-16 06:07:33',NULL,1,389),(745,NULL,'2021-02-16 06:20:29',NULL,1,390),(746,NULL,'2021-02-16 06:20:30',NULL,1,391),(747,NULL,'2021-02-16 06:20:34',NULL,1,392),(748,NULL,'2021-02-16 07:02:59',NULL,1,393),(749,NULL,'2021-02-16 07:03:01',NULL,1,394),(750,NULL,'2021-02-16 07:03:01',1,5,393),(751,NULL,'2021-02-16 07:03:24',NULL,1,395),(752,NULL,'2021-02-16 07:09:25',NULL,1,396),(753,NULL,'2021-02-16 07:16:13',NULL,7,397),(754,NULL,'2021-02-16 07:16:14',7,1,397),(755,NULL,'2021-02-16 07:16:17',1,7,397),(756,NULL,'2021-02-16 07:59:06',5,1,393),(757,NULL,'2021-02-16 07:59:07',NULL,1,398),(758,NULL,'2021-02-16 08:10:06',NULL,1,399),(759,NULL,'2021-02-16 08:10:06',NULL,2,400),(760,NULL,'2021-02-16 08:10:07',2,1,399),(761,NULL,'2021-02-16 08:19:57',NULL,1,401),(762,NULL,'2021-02-16 08:53:09',1,1,361),(763,NULL,'2021-02-16 08:59:55',NULL,4,402),(764,NULL,'2021-02-16 08:59:55',4,1,402),(765,NULL,'2021-02-16 09:58:23',NULL,1,403),(766,NULL,'2021-02-16 10:06:45',1,5,393),(767,NULL,'2021-02-16 10:06:47',NULL,1,404),(768,NULL,'2021-02-16 10:06:47',NULL,1,405),(769,NULL,'2021-02-16 10:37:38',5,1,393),(770,NULL,'2021-02-16 10:37:40',NULL,1,406),(771,NULL,'2021-02-16 10:37:40',1,1,393),(772,NULL,'2021-02-16 10:37:42',1,1,393),(773,NULL,'2021-02-16 10:40:23',1,5,393),(774,NULL,'2021-02-16 10:47:35',5,5,393),(775,NULL,'2021-02-16 10:47:42',5,1,393),(776,NULL,'2021-02-16 10:47:44',NULL,1,407),(777,NULL,'2021-02-16 10:47:57',6,1,343),(778,NULL,'2021-02-16 10:47:59',NULL,1,408),(779,NULL,'2021-02-16 10:48:19',1,1,343),(780,NULL,'2021-02-16 10:48:23',1,1,343),(781,NULL,'2021-02-16 10:49:37',1,1,393),(782,NULL,'2021-02-16 10:49:39',NULL,1,409),(783,NULL,'2021-02-16 10:50:07',1,1,343),(784,NULL,'2021-02-16 10:50:24',NULL,1,410),(785,NULL,'2021-02-16 10:50:24',NULL,1,411),(786,NULL,'2021-02-16 10:50:36',1,5,410),(787,NULL,'2021-02-16 10:55:43',1,1,393),(788,NULL,'2021-02-16 10:55:46',1,5,393),(789,NULL,'2021-02-16 10:55:48',5,5,393),(790,NULL,'2021-02-16 10:58:45',NULL,1,412),(791,NULL,'2021-02-16 10:58:49',NULL,3,413),(792,NULL,'2021-02-16 11:22:34',NULL,1,414),(793,NULL,'2021-02-16 11:22:42',1,5,414),(794,NULL,'2021-02-16 11:23:14',NULL,1,415),(795,NULL,'2021-02-16 11:23:19',1,5,415),(796,NULL,'2021-02-16 12:05:42',NULL,1,416),(797,NULL,'2021-02-16 12:05:45',NULL,4,417),(798,NULL,'2021-02-16 12:09:56',NULL,1,418),(799,NULL,'2021-02-16 12:09:57',NULL,1,419),(800,NULL,'2021-02-16 13:09:38',NULL,1,420),(801,NULL,'2021-02-16 13:46:38',NULL,1,421),(802,NULL,'2021-02-16 13:48:11',NULL,1,422),(803,NULL,'2021-02-16 13:57:44',NULL,1,423),(804,NULL,'2021-02-16 14:21:46',NULL,1,424),(805,NULL,'2021-02-16 14:27:26',1,9,357),(806,7,'2021-02-16 14:27:31',9,14,425),(807,NULL,'2021-02-16 14:29:36',NULL,1,426),(808,NULL,'2021-02-16 14:29:52',1,7,426),(809,NULL,'2021-02-16 14:32:57',NULL,1,427),(810,NULL,'2021-02-16 14:34:07',1,1,427),(811,NULL,'2021-02-16 14:36:09',1,5,427),(812,NULL,'2021-02-16 14:36:37',NULL,1,428),(813,NULL,'2021-02-16 14:36:38',NULL,1,429),(814,NULL,'2021-02-16 14:36:55',1,5,428),(815,NULL,'2021-02-16 14:36:58',5,10,428),(816,NULL,'2021-02-16 14:37:42',10,10,428),(817,NULL,'2021-02-16 14:37:46',10,11,428),(818,NULL,'2021-02-16 14:38:07',11,10,428),(819,11,'2021-02-16 14:38:07',10,12,430),(820,11,'2021-02-16 14:38:13',12,14,431),(821,11,'2021-02-16 14:39:00',14,14,431),(822,11,'2021-02-16 14:39:00',14,14,431),(823,NULL,'2021-02-16 14:39:09',1,9,334),(824,11,'2021-02-16 14:40:44',9,14,432),(825,NULL,'2021-02-16 14:41:20',NULL,1,433),(826,NULL,'2021-02-16 14:41:25',NULL,1,434),(827,NULL,'2021-02-16 14:43:21',1,6,433),(828,NULL,'2021-02-16 14:46:12',NULL,1,435),(829,NULL,'2021-02-16 14:46:17',1,9,435),(830,NULL,'2021-02-16 14:46:24',NULL,1,436),(831,11,'2021-02-16 14:46:29',9,14,437),(832,11,'2021-02-16 14:46:34',14,14,437),(833,11,'2021-02-16 14:46:37',14,14,437),(834,11,'2021-02-16 14:46:39',14,16,437),(835,11,'2021-02-16 14:46:42',16,14,437),(836,11,'2021-02-16 14:46:43',14,14,437),(837,NULL,'2021-02-16 14:49:23',NULL,1,438),(838,NULL,'2021-02-16 14:56:38',NULL,1,439),(839,NULL,'2021-02-16 14:57:11',NULL,1,440),(840,NULL,'2021-02-16 14:57:14',1,1,440),(841,NULL,'2021-02-16 15:13:26',1,9,440),(842,11,'2021-02-16 15:13:45',9,14,441),(843,11,'2021-02-16 15:13:49',14,14,441),(844,11,'2021-02-16 15:14:02',14,14,441),(845,11,'2021-02-16 15:16:10',14,14,441),(846,11,'2021-02-16 15:16:25',14,14,441),(847,11,'2021-02-16 15:20:45',14,14,441),(848,NULL,'2021-02-16 15:38:14',NULL,1,442),(849,NULL,'2021-02-16 15:38:22',5,1,393),(850,NULL,'2021-02-16 15:38:25',1,1,442);
/*!40000 ALTER TABLE `ACTIVITY_HISTORY` ENABLE KEYS */;
UNLOCK TABLES;

--
-- Table structure for table `APIKEY`
--

DROP TABLE IF EXISTS `APIKEY`;
/*!40101 SET @saved_cs_client     = @@character_set_client */;
/*!40101 SET character_set_client = utf8 */;
CREATE TABLE `APIKEY` (
  `ID` int(11) NOT NULL AUTO_INCREMENT,
  `APIKEY` varchar(64) NOT NULL,
  PRIMARY KEY (`ID`),
  UNIQUE KEY `UNIQUE` (`APIKEY`)
) ENGINE=InnoDB AUTO_INCREMENT=2003 DEFAULT CHARSET=latin1;
/*!40101 SET character_set_client = @saved_cs_client */;

--
-- Dumping data for table `APIKEY`
--

LOCK TABLES `APIKEY` WRITE;
/*!40000 ALTER TABLE `APIKEY` DISABLE KEYS */;
INSERT INTO `APIKEY` VALUES (1205,'005B597E706EFE32AB16455CC71994AB9A546C90691F4D05A2A4C1C0BE57DAF3'),(1212,'008C4580387C4DBD156EEF1930192CA4EAAE44CCD13AF06BE6CA6F955CC15588'),(1834,'00A3AA951FEFBFFBBA71A58C7FF29804348F2F61C3315057DE95C26022392888'),(1188,'00AE124BB1F16F6595ED3B61C297D7C85C8AF68B94146E11A97E8F7E2A0B864D'),(1295,'00FB92A33EF38E6E992F47715385D5BEDB3ED7978A7DD57D81A5256536202C0B'),(605,'010580AC70B0EAA0A9EF755C155A6453DA5D40B0964F92BDA84DA6F5FA8BC92B'),(1180,'010E28E2733C8AEABE6AC47393B575384E057A9ACBF9C3C985EA5570E96D902E'),(1897,'01274BB4048B2239F45CFCADABA4CB9F3BFC06577EA809238A015150C8CB73D5'),(350,'013101DF34B3CBB08B6ED84B13D7E0380CC3909F6B765F15E099F2FB69FC8292'),(840,'016210F5E4651A3ADEC19D75535734BE7E71C39359F8C18B27A7899703816F51'),(476,'018A79FC4B662936A7A3BC358AA278A0AFFE9D25C7E0F7F2AAC61F16F2737586'),(1839,'018F97CF1D54EA2C2BDDDD69616C499491A34B0BA7FB0E3AFE2E2B4FFC59592B'),(1266,'01EC2648B255631423DCE8D17C7BBE5951F9397BE0666C5D0B187194F9311297'),(352,'022D5AA5354700A2439FADA3AD6D581E39A82A879EFD711F50D870EA3E4CABB7'),(885,'02455107C9AF42A2FD4245D22764146B35BFF47A609A38E387E0D1C91696AA7E'),(1837,'025594F310F4865938EDD790E3EAF0FDC9C166088AE5649D8E8A5C7A315DD1FB'),(1390,'02729886CBBD028F71A9FAF29215F2C1ED3821135B27DB7A135F22DA38F16643'),(826,'027A957F344F282AF5C26A53B1A657B83347265685DF88D1C2ABEF2600AD7F1C'),(664,'028270A05BC6867DC4638AC74FBAA1F8CA0BDEAD8636DCAB337F687F2A73B8ED'),(138,'02A389956D52307C5906B090A621F6F2F11CC660024C37008E5C48A5185A5BAC'),(1954,'02A80411E4EA7E8ED207593C6955739AAC82509BB1A643148F566A5B33AE2EED'),(31,'02A9B908A3315AEF00AC970B18EC51129A3B2377B46DFB866BA61902145A4090'),(1281,'02BC3D1485CBF2CCEA86A9BAA13079C7359A42A8AA55ED1E0F0F08F302CDFF4F'),(1284,'02C2D6F3131CFBDC206A4A883E62DC77A5180F774E8CBBE190773317E6CA8B70'),(248,'032C822B30698983518DABAF162D9CFC24AC06F9B8D924789447DC435EA5C777'),(117,'03544B603FEC291C9BBED8EF62BDE40AA5AC61F65EB50AE550C34471AD226ADA'),(81,'0388D845788FDFEC6405550CC3B7DBC702AFE2DFE33C7B891EC0BA088956A168'),(285,'038CE554E9D8728A4ED50C2A7B638FD6591019F6F40E66FC644B7D06FE6B6310'),(952,'03A6FC54C535603872DFBB67BCB04D3C0DDAFB02895D9C3543CBDAA732F1D611'),(1985,'03B6288419271B211A185B622BCE10D58179A90F9E216AE508B20888CAC99E5B'),(1325,'03B62C33AEF9AE9C337D3C1A1B36839E03C312328AE28CED1CFB94375BC0D951'),(875,'03E1FCCD79D6E63804960CD728E0B04275A691EC74B282E6E061C4E646591668'),(1268,'04105FA66E0889497F685AC5FDAD76FAFCC3466EE4A25547FFAD8D00697C5668'),(10,'045E14B3278471AAE21AEB58ECB52D4A84DFFD28E21E0B9BFA7633D573EC1A55'),(1330,'04600300C7C9F6B963ACE79B5E97E3BB24D2B6048C84CBA788997074A92EDF2D'),(224,'046D9181E47355EF07F79B9972592969E4E5E31D60632C12B172751BA832C4CC'),(873,'04BAF99B354D3795DD2031C687A14E4F3E7752C46E4E74570EE5ACB0B905BE00'),(1757,'04D0A7F72997AE94A5EEF40C7BDB37AA5C02B64B60F5D29CA4F317948945705D'),(1730,'04DE10AF1307C950ED344531A6721FF6B9F828C7B547A4B0644EECF2EFCB13AF'),(57,'055389016E3C628B51D1C27DF230960C57DBAC6DF4D8B7E0BA08C8E7EBD64C43'),(1508,'05844A1DC73DE29874B6C1104102FE48A1DFF05FFB42072176FE82F5A576AC0E'),(123,'0589C5407E86D2E508E27D240F00CF41810D06F30C4DFC9EC089E1CE570D913E'),(492,'05ACF11BC2C2F8BC47FBA64BE5D465E26CA372DA7AA7F7341540D4631CC8351A'),(148,'063127EC336FDEF87DC62D9B401079EFB5C1D6ED3D41F76EE160B6702AC5BE91'),(1761,'0631DCF13CAEF19C34248261F64F554A03B1FF265C51F5E22DFCB512B5930F2D'),(1104,'0658DB9AFE607C6D01AFA3B981A2731CAB9524EB6A37A58687429A1D4F16B7D2'),(315,'0670F55AFA63DE6EA8DA9F113B9CF4CD8F2BC108E4C24DEE8E9EF9C28BE28E9E'),(1800,'0676749F76C4BE46C845F749344745F14B9963B4A176C982ED784AE1B037CD51'),(609,'067CAACEF0DD9B24CC28B21B7BF171F6A62D633F3CF1C1BC21F719A6CA1473B9'),(379,'06ABFB6CBF272637470B0BE3187D38F21A890288D581AB686B8D33F2015650CA'),(1080,'06BDAB8FF17CBEF3CAD684CC30A223C8D9A1577FFD025593382A203F3A66617C'),(985,'06D7FC50FEF406B456098175EA796B85A46179E5A1123B86F255A0D7C53F96FF'),(449,'06DC8F1D70E9B121B38643990FFAA3D5EA6C1F8EF103D5E55CA4AF2B1B611E34'),(1649,'06F90A1256FA19370CFEC7CF850FB7E377CA1809E4BF324B2E88BC73F2F415CD'),(1643,'06FCB1A2C0875265C2370B86CA303B3BAB7B6037B03E2D762F5F302E7AA28D1D'),(1371,'070313B2C720AB017CAF363640EC0A4621438710A5F663429F40723856E6470B'),(192,'0721CCEA3735AB03412C2CF88E235F310C98EC08CE7119B71C34D22D26D37249'),(904,'0724F666F61D65ADA33CABA79A1108AAB0DCE07F00CC9B5D43A788C40FFCD011'),(244,'0759F3752EAEBA72583C895E619E945C4ADF63E6B49981D18E9609C2FF3A86EC'),(1369,'07732144581852FB5CE67BF9529374CEAE921155CFD57FB1CD5357A231F637A3'),(1922,'07921B1D277A53D4291E508CD3D34D014586E90AF99558C477CD5A3A4A611766'),(1868,'0798769D631AE2C53AC4C1119C25CD928623EB4230C3A909402BB24CBD5255D8'),(1552,'079AF47B46668585172392E6CC6D2E6BA87646701D82B9899296714A8FC21BC9'),(1846,'079D90221435B831E32CAAD3F690FB7C7BE0530F7337CBE2A9BA10561ABAA113'),(264,'07ADF14A5127F9994EFE83CDACC8058129FC92EBED6B9B2E767C4B6E137806E6'),(700,'07C66FC5023103E4B124A8F1C0FCB9AC760EDD3F86176E6A035D6EC18840725C'),(1591,'07C871252ECF06ED73C29F96D9A90665946237A2DB9EA6769E5E1E67B8CE5329'),(5,'07CD3B998223A4FDCF15C95AD710FB7FE85F8660960ADC7C809FF2427856C69E'),(1455,'07D0714EF24ACF2774CB609F27F5EA4DD372611B0591302099E02269532585FA'),(136,'07DDF5CC6D04D9224E118778802A0BE27302E524472678EC724D428A53B1BB58'),(83,'07E2FB421295CB9998965B0BCA0B80E098F1CA5257C33ED6B06D15C434EA6491'),(535,'07F1B7E15799FFA7F5BA4B0095D3557A0DCAF3FF5960AF04D7F965CA572BB840'),(795,'0806B3C1F8CB793F9B77F813DF4D7E51F41459D5EB9D65D5AD07CF23A8ADEEDB'),(563,'081ABC79BCE36D9E869247DB9D1A9624FDAA206A1CCF54A0F64F4BB29A92BD18'),(1891,'0821D080EA659E05A42F9841ADA8A68699F7B84DE24D954A9EC82E8B0D810C1D'),(1842,'0856CFD10F93229EE7530AC85A7FF0C3CE8886C51EE2ADFFC49C03A8E6920A97'),(271,'0869A9A5DEA3C9A6719F36B14EC0FF95214EC105536B46F92970DA3421E2B37A'),(1168,'088C5EA18F9027569C421B0C9743EB2CE60E9FECD5D5358562A0BB95A2BCD71E'),(1588,'089460BFA3926920FC1431C029EAFB5B27CF16E382AB0BD7B5CDD099AFF6339C'),(239,'08B297845B2DDE8F34DF18EF68F086BC47A85BCEFA5CCC9C4FFB8DC8F6CF5886'),(1881,'08BB01B4612EC9A48881B633C4605AF5F03EDEC40A782F6706CAB9AD1AC2FF42'),(446,'091A45C422845DEC040A8D4C14805C246F56CC867EF135D0DC224E9339494A35'),(1685,'091D763ADCCA389973CCFFD11B51186311E45410FF2ACF78EF4D5460B27B35E9'),(1091,'0935BB0EFFF8312D743AF846A75D4A780B2459414F092DBE502C7DBB8EA7AEFC'),(127,'0951A7FD5247EC9FD86E48BF98F223D192D698F7196EABA85356DF23210B0A67'),(1726,'0999E9748D1BCD749A43607DD79795EFEB75EBF5CDA2E94E64282D359A5CEEEC'),(833,'09CB50E8A31F77E0D5979151ECF27C3ECED3CF0E0223038EE44E2A43FC16D91F'),(305,'09E321358BDECBD637E5DA5F7169C1154CE21178984ED7FB2A2C77EA0E8E130E'),(508,'0A08B9CD4904C7F464415DDE93D4479055D1FB7FF7E1555A796886D24155FC22'),(189,'0A310C8D7DBED0E019A79D05B1ADB5B5ECECA929E86E2FFB8EB6EF0295FB6CBF'),(1018,'0A392A6447529359FCC073BEBD3017778D8610886430497E4341D841C424DF14'),(1623,'0A468DEAAFF08216DEAD015A1F85AADCD323697B5E3AD83594166A1AF429CC16'),(452,'0A605D0C3FDF76A99E04249985E7E9285B99357ADB05B15BD36716B98FFF1CA5'),(1803,'0A616C2F57763B8B05D821D253D7C8E08F8A46BFE919424AA92A5E39B6A37E0B'),(6,'0A7F0FF5ED60FE59EE8E0206CA4BD4AB4DED0BEABEA29FF557B85018B26A3975'),(1269,'0A93087F68C9317201E8685F2B4CDA190FA64845103179FEEE8C23412557EC48'),(1466,'0AA93349648A6C6D5EB57A32CD2CA42CEF4C619C026C20B724EE85F04090DA6B'),(684,'0ABA537A31F095FEA3C147C221A542B5F3835994FAF5B2102952240066DDD7D9'),(304,'0B0E12652EACAFBBE822A7C56A70DDF7B17C964CB26FF681500C4FE630747250'),(1853,'0B5C947DE60DE79F399AED5523F8F2ADE371396FD949FEA89FF12B3599617D89'),(1362,'0B7DD69A8B35A64DA884F2C07B8B22E2748EC51C874ABF264BCCCB1BA916E06F'),(383,'0BAB13FCAF470BD882117B18D75EDCF10DFE09E9831AC150585E720DAB568FEA'),(1483,'0BD75FBE5438A305B02B3CD520059255EE7EE8528E79F6E7D75BA2689B3619A7'),(98,'0BD86C94CA886FC062F4D580F2C92B62AA5D34D79BA90F2A71322A825DAE225C'),(1220,'0BE16B4A9C885CC106DC46D4FE2465EBE4D9663DA2E4ADB18E3030F903CD21C2'),(1140,'0C0B2BFFD605288E9D19EF07D19FA389DDF89BD624ABC4EA581C3DADD04DE2FD'),(936,'0C13ECB20433C74855DD37C4B0E52CCA73F53D927D4D0838BE2013D384CDF7E2'),(1211,'0C2E7C20538104E065D4CA2BF0380F5962BE5E37EAC2A90F5B388143FB1B4383'),(943,'0C71A4453016EA8F919F0644673997EF961C2B3BE7F8A6F33B836D0DA4ADDA4F'),(627,'0C7B2F0F1EA3CC3FAB32D87200F3B16A80D576D7747B52FBA4D42C5B79928E23'),(1768,'0C96B416BA6C368350AC6172D19F3BABCC9147689DE210F40CEBE35683549C1E'),(1120,'0CCB7807E7252494836E5F7013F5FD0C09A499616AFFE89816D534BCCA5BAD2F'),(519,'0D474B2D432A2CE5454824E38EEB1C0B6243FABA8CF5677007610E283519A7C7'),(974,'0D49B066777FD0584762BBB441DFDC6131815C634687785DFA7EEDEF8790E900'),(899,'0D8913FEA2BB0D44F0DBF19A2D57577DF331E8743FAC41AC81D6FE2D3A3D97CA'),(1491,'0D9D606F63504F421BE9002FFEA24E845174221EDD61069CC0966C19DE6A3A03'),(1924,'0DD0A69FC8EB392004AF8D14D35D84D9D0B39ED1BEDEB8EDC46F012189754E0A'),(1352,'0DDBD86A1C0FF26EC3A38C771ACE7798770EE2834A8A26C23366448322635C94'),(349,'0DE4F7D10A71A4E8B841E4555600AE46F5A4F49D7BA7043F3E801D38409D2441'),(598,'0DF30529FCA87ED7AA078E46ABC089EB12C1E8B397C26441CD18964B0D35951F'),(520,'0DF8C3014AF2E723D3E63279687C43681967AA24962DE74BC5DA758744536AE4'),(1133,'0E008463B37C9FC5DC73BF1FEDC0B0E957D5CC8CAAB0C4E7DEC2E75E1AF58B2F'),(1030,'0F2334F18FCDEF2B3DB06F5A857D52D6EC6EA5CA9952692E553818012209AB80'),(1625,'0F4F3E7DFA9F8795F6B3BCBCB02D05C5CE818E5EBF8DD2361473B23CC6C311A8'),(491,'0F7C2EEA0A8B14D391E82513D0782717B2A32FE25783D54F87EB8EE5C3A2127C'),(1811,'0FB3A057AD1E43597430C997605F08B79BDB2B3C3DC6080B63A0EEAB88ECA29D'),(1366,'0FFF1630EB2E455B48B4274CD8EAB32A7A5EDBA6538B316E2D9ED76041279824'),(1530,'100D7B468BD0207C1FA45AEC5FD7C701B1EABF2E28C61597597A83619739DA0D'),(547,'102BA0E2B89747DF0C82B643E1CA3BB09C410889629031F3D625AD2B84E73AAA'),(376,'1039CE64DCBDFFD7DAA810D2B11FF228F025870184CB0A4DD71C248863180423'),(1145,'105E9E00FDACF55F932DD5D6BA0D2D639427E17A1CC0EC608D4C305CF0B6D568'),(888,'106C29D2EED247EF536AE3D25F2509A82AFB001E785A4C9A75996FDB2B8CED33'),(580,'10EE688490B2BBF852978481F76FF710B9C8451B1FE557E1E58018E475DF3094'),(312,'11056A4BF29B7FC8A2930E39A3ECCC21CD813F3C0D09A5F87DECF1BEF6B7ED2E'),(1619,'1118250C2C894C6F84F9A075F214A44A7314695967A4140CF644B72F76B1F93B'),(543,'1176E2BBF9B1CA84EBB33B268A685E84F35EC7CA19A4EF08490EA39DD5004CCE'),(113,'1183CA633ED0FF5E9BDA7B6EECD564DED682CC0AD0E2620535B79C82065390FC'),(849,'119661471F2161CEAC2967CD412B93C0F424E18F020804F0F79EDC7ADD5A6557'),(1609,'119A44C6FA2E806084DBFA0B638DB3F4EBD7FD94B6AD9C6E0C5FF232B0826874'),(537,'11A037194E21F78916DD80DE9DFB43F4815DCD1BF047CE7FAE4CF61C42534F97'),(131,'11AB44A4763D89244A28AA4061876E4AF45EFC67934C011B4AE7E38097BEA384'),(953,'11D28523EEAE2A76B60A64E0B6A6DE9D3E698D28127E3276BDC91002EFDC8F30'),(1787,'11DEE7C080D967E8220821445C93F8F679E59888B9C179CCD08CBB69243B640C'),(1093,'12187D01DD398BDEC0F51399ED7F1A66360CD42BB8DFCA23207F33D7338376D1'),(938,'1222C02A91662640A92B2E4CCC3EB1EC821E6F156E17249600DD121B157E3C03'),(642,'127CE17CD1324BBD56A5AD9F2B2AEACF0322545C18CC2CF5BFCC797C523CEB42'),(1867,'12FA7FD1CE2315B4AA2C4D2F538943C45FD6E870E6CD55FA408D5157F7CC3B1E'),(801,'130530538D2EBD7F12684F2EFC1AADACCC9327D61A48E1477AFFE615F353E08B'),(1193,'132523B9FC152F63A5D4796E9A71E4C877B11B41BFF519E9131FBF98E9E77FCB'),(1457,'134CFB250FBCADBCC431D742E8443A7ED135B8E119274AF6E248E0E4ADDEB8E2'),(1743,'134EF8FBCD9F6EB769A157AA1C76F404D22F99988D9C7C19F9AE17F577E633C8'),(1261,'13564C93A31611EA644572B89CBE093D4C57E6D470E07D26BF0D59D99DA866C1'),(796,'13605567E677CDF643185AECB5E72949D83D68890C92910A329AFF144CF7C2B6'),(1374,'1364F27B0EC2D3C93B7CC564E279768B8F6987CF4E5E7EC1E6FA7758B0841FDD'),(301,'1372EC3BBF5AFE6EA805BC568277A04FD514EAC2DE359D84B44D775BA67933DD'),(245,'13F9057A10C80B26265894C25CE988B176521D5392C52F79FF2F683C1B534E7A'),(1149,'14154D2E2775257B4EDB7EC35E7C331485D5CB980C4D1A42CB4409B8E635D514'),(225,'1421118CB64FCABCD0591BE9CBC3B759B59E0A96D762522D6216C5237872746E'),(1037,'1422F2190AA49971A0046D3C59DE54834A78039B7B0E0E9314B3781BCECBEE9E'),(1765,'143192E6E465A978E3503E1CC34B123E194D5D9E3973B6CC3FE24EEF9DB2786D'),(1167,'143A4B527F40E80770071CFBEE23BEFDA258D453118CC911B2CE028C0FF9BC15'),(1705,'144488A7EF807E9082AFE00471FF0FFDDA9E4C149BAB616BE8CDBD0559E637EE'),(1900,'1478502A1C8496F0A71E721B2DE72F95067C3593932C1C87831A71EA5DB763F8'),(923,'147EDB0E75388DD8DA9C6655F28ECDA2602CCC1D685A16582AFC3B49C13291C6'),(1299,'149DEE0511C2033536C688859D3EF94C2DC564B1E225023792AB603FA60BA68B'),(604,'14A97CEF42937CC00152885A8E70213C5C0A85FF46EBB28427A593222A7D5BCE'),(1728,'14CD9D557B227266ED5DAC81116A36E5CB7CA140993AB876E8D81A9B43F00482'),(1796,'14D764C35A6FBFE706A9F53F94D2FA5578DB441E828B8956CEDCBB2122DDB7E5'),(1304,'14F41A909E36222F9F55062EE434030E5A256545D028E75C00C269BCAC36BB7C'),(878,'14FD58AC6F85C1F3734478C22AAAC1A943FEAA5203DD735CF5F22A8B462228F4'),(1422,'14FF8F8485AB3A2BC025D9FDF153BC6CFF7E0C5DADEE7B77809BE02F3891EF11'),(19,'150BB55AE2618D938221643D0D10A17A08E5FDFA37EF9469D93F5CD849A6C3A3'),(1910,'150F5077C72F1EBA0030B3E9D16CBF7E8B67A8ACBFDB2D61D20B600C6E126B5A'),(1974,'1526B49F67DFAE05D838D57FB7C9CD03DE95F2FAFCFE6B88FB492951725CD371'),(965,'1552B5DCCD31F5C8241E5657492ABBE2AF8AE092DD6AAF3AC6535048765D159E'),(183,'15DC0E145833F954977A71CEFCAE363223EC156E105E11A94761980F72DB9472'),(1370,'164B1D2F54F65C1F1BBC1EB65C2C3DCAC29EE7BD73390389A5EE32507E7BB719'),(1557,'166CEF4B0316DB343BE8C7B717F5C4BCC960C7A126E54527BB3469226CDEED34'),(281,'166FA710B79D4F83B2F02955C74303520B34AAA414A7CBE3117097528074FC3D'),(346,'169EF82B328E3936861D586815EE23ED292B8CC8D26CAD09E59A0D9D9C29E127'),(234,'16E29296254B93449B69336AD568FCEDE8B5E78F10EDD4EF61CB68D203338E9D'),(637,'171D28DF846C7BFD2A58A6105017F499F5FF136E36EC0D3378BF37DC6811AE01'),(1968,'1721D537ED2E6AE7AAE92AFDC6043C3E2FC98DA6EFF7A831ED764D1AA0F06410'),(765,'17656057E7451E7940C5A6C0BF28EF5DE41D8E19C067B5286D72BF809EDB163A'),(891,'177328D0688ECC5C089C70425239999B9A5317D05739845AF9C7D52AE3D15C22'),(1849,'177BB5E2A8F457B9E15151F75318CBCAC82E1B6C10408CB7305A229773BFA5AE'),(154,'1795F83B2AF5722789166173789E15805C36EC11A940F1C8020B9F393F8E0397'),(1789,'17C04CB76F69CDDE59F38F6ECE1D986F32C50BCE9470F8B46534A263595A4384'),(441,'17D57FEC034E2362FF5AE47CA24A36A49306BE30AB181E9B0FEC932FEA3CFA69'),(1347,'17E8434F2CB0ED68344B8A4D33128BFD575D616BD50B7D58A92E2EE3B8D8CDF4'),(1,'17F6270C5ED90F05A3BE4891E64871AB3530E9A9BBDF64E0C846B19CD7A7E5DB'),(1406,'1817892D5CE8DEE5A7F93BA627CBC087B55195659D9F49C4616326EE0E97A78B'),(1112,'182460F2787601610982D36133CD29FC8EA415EC9E79F9748932A3BB230FBA18'),(1090,'1846BBAFE0BAACEADE380341941711CE5042644B71E7873E1E9D598A1BCB536D'),(1097,'1848717BCC7447042E409C7BC28C4EADA35C8076B527C86FB9BE2F279D916419'),(686,'1874C03F5024D38F31AB7B748AB999603243CD7D65726BB25549150FE9A74765'),(1646,'189DFCA18D2F38B516B5115E1D2F20A605E4ED93D6942EB16ACDEC985CD0553C'),(1365,'18A5D27CB69A71AF24CE6878B7E2F79DF4950A9E626F2CBD32F9E3A9FE54AC96'),(15,'18B32BEF3CDB43DC3130D307AC4D12299B7D52DAC8CC22C0B98F3EF0C5A977BD'),(2002,'18BB5F0CD0B82342F25B9A86791ECB7F959CE7FC0334110B0CB637F671653C24'),(1410,'18BEB0E5BD305D30645FDCAE8FBD818C4D831C5671DC3D772DCE1990DCB13684'),(348,'18D46D541FB549DEB2787057DE3C164AC1A61FB05613C27FBA51D77BCBBE86F3'),(1644,'18E72F7C3F75356DF073EF2F39FCB6F27401477BE5D0B29D99D3C50E3C127BD0'),(1517,'19071F19FD541721F06D03DCAA12FF1149194F904D1D06A114C4B749F22745DA'),(656,'192C303C9D511AFCE3BD9239E57726EC31626E1950F9E3D722EAD051D8639183'),(1444,'1948F7EBDCF9382FFD383BFF52F374E1EE476FE77D7A507E2DB27BA0BBFD3819'),(279,'1954DFB17CF34779F7DBE1EF4ECF6C918529C9B275240DE93049A61BD14562C1'),(1163,'1980F9F1D9A9A358916EAD8570EDD6EFAB387D00CD12CEA788095656CDB06153'),(1672,'198C90A65E4A4869C69D866B22A280F06356B4549F39E7E70816796D210EBDA9'),(1630,'19B746D87B53B6D1C19B85031D0B01550937E80FA7144EBB872CB275DFFB472A'),(994,'19C72078B0F06C174D8A3FD085F96EA4EC6C76EF111BC7E948BA0B0B9F60425B'),(221,'19D52A0C1EED084BE8C71DD93591BD617DB6379C738989E26643DBA48958C017'),(163,'19ED1476DCEFFD94E9CEDAE7FA08922E4AF38BBCFB75474282BF7DD98661BCC0'),(1944,'1A0BD6E88CBE7ECE719162E6CC1F5BE98EE75BB3B3FB670404F791A0945E83AF'),(950,'1ADF5763971EF86FC33E3B91E2EBF9E873F90D983DCED003CB6669F8BBD5F55A'),(322,'1AF59399DC07480FC2181FB73975B1FBC19D1DA1DBB861CF22089EC4C514E014'),(989,'1B07CAD0D6DA1FF2388201CE0280BBB7E0B9BF739C6F79EAC1B9B0F27FD6383A'),(809,'1B1AA4F5ED7DF81F67A5B748BF38FD1D7B1ABA92CBFB949F5E8953EC3E520526'),(1599,'1B1C21D92E0ADEF1B31950C2695B45662ED369DA26C9F93179166A98058CEC8F'),(112,'1B84B0F775D5861F449E550B41B381868AD3F92DE6C5F0FBACF0FCF629A17DB0'),(709,'1B93EE558E40FCD870B74307C0D8698F670FE45438460E3C692110B110C11CD1'),(451,'1BDE7C5E5175EEB6D94CE5BE6EA83D9B44D61281DEEDFB91D386D95C67D20AF0'),(1590,'1BE2248FB1F6F92447D0AB9A1A754AB449B8EA383F8459B3A3BFBB304F0DC73E'),(1250,'1BECD622A30994FEE5EC7C7AC8A5B74BEE232834E649B24C30622A752BF03AC1'),(1504,'1C1CB476F0C9EE1ACD07FDCB0110A8DFA2ABCA3300702B3077361AB3B1CFA50A'),(1656,'1C255C2DB4D14BD3DE5097794C1F57BB7B80450B7531D3F4CE3B38CE8ACE9683'),(1804,'1C4FA430BC9F44484AFBE99C8974D70B68CE7891DBE83505CBF01205DE51FC18'),(1493,'1C8C3C4EC9E83B4B51F4D7B20E700DEBA9A44462AEE26CEFD893B8D07B789A03'),(190,'1CAAB2C7B3B8021E6646ECE2E39A2602A29E0D6234B98DFE22D3B454F34C1E40'),(1055,'1CBA50BDCBB332482124173E3BF92C8CB06CB351691759070D4FF4B7E947EDA3'),(33,'1CC603E52CC8EBF4A684685295504CAE794CD7139A686B88E5029E5BB07418E9'),(1106,'1D06E0870321226882E2780F236E9147E8F3EB71B8E0B7BCA3808E8EAC4CC7B5'),(554,'1D43367EFFB08F6AF334A614C049EB83E9B31CAFC98BED0F89054577E64B4E57'),(1850,'1D456A672A4EB50AA99F3129C95187A0D900CC9CDB27C8C1B23D66FF547E2026'),(589,'1D526ABBDEDBC17977FD6FCDE9365F0A56B382A15254E5434500C57FEB8B7DA5'),(359,'1DA49771691D1F7FF070B0385E659BFAFE0C68A9094735DC4EA412D34C9114A3'),(68,'1DA89A8ACB0C30CA756E5713E59C561A191988E27C2374322396AA292701018E'),(963,'1DBE0F14E8A6911BA967136AF00861F57C7A0FA8B5AD75BD0B82AC9680855A2E'),(1160,'1DC30185F3CD4B9310776E0ACDDD76EAF2D66D45EC0017C6BC5AC173C0741CD9'),(504,'1DEF7DC199B89B59A201180587C9FAD4842C856DBED3872D253E74AFCD350E5D'),(210,'1DFB659F06E0CA4E8C79708EC102A5762D7A59C8C5DF05635E1AB264A40B433B'),(243,'1DFF5B7370D42BFBFA8A54BB656A1ACDA9CA96C1DBBC65EDBC61749242858608'),(978,'1E100FE7A66D69298D36DBFB504F77A3423E0DB15701D603F467BAD926E54BE0'),(988,'1E1B277616F46455031C789233CDD56F4727E19C98A2ADDA1122D8998255AB2E'),(1409,'1E6446B53CDAEEC4EBF7E6F1E3A345CA6E4AAC57885771B0A882A078D22EEEFD'),(1928,'1E9020D80A67DD4DF1F1360B5796D2F9EEE2D7A2D6B6C5E3682CFA00E42ED240'),(596,'1F1CB636D2352665D013ECA7549CEB62089D3910B70F2CD0A016FF96B68D785B'),(1586,'1F23012615E8B8550CC1A56D5B786F5164A9BCABEB6367F1B6D5D482B73A8083'),(104,'1F409BE52395BE3E016E8ECE4F8A89C441D27EDAE942B849701726F05703FD85'),(145,'1F5F8D7A9B0A600670260F97099CDB99C8E2B4F8B7CA4FD1C080089FD8B52B8F'),(1598,'1F6A186A6E13C68B662CF6042EA33E9F1B2CA18DA6308949DE66CDA5A6EBD902'),(258,'1F7338FD78F00CD4160C623F5804F67B3B629103F94D08D5CF109C32F0CC3351'),(673,'1F779091A560BD8912040D1BFA72ACFE276D2903795F0BAAD438DF8D1607EC23'),(1067,'1F7FDF46FC51E4362A84F039E79E60D95C3FFB89870F76DF8F716C7650B7C8C2'),(316,'1FCF0F75A283DE9022F6EE70F4D194EE98208C358FD9230997E1A31E5D62F53F'),(1632,'1FE37774CF441DB15D7C09B3FB474D14C5B70128E17F0E296C5EC5620345DEF9'),(220,'1FF0B961EC28C3C159B8B3FB2DAE04999C21A244334DD48A30D2D98F84BFE57F'),(1914,'200416D445998BA5606956EB7ACFBC6E118652D9688007AB0CA16CF7FAD10F05'),(289,'2051DBE1D4D7FE06E3464F729E4EF70734E880AB1AB309C2640E24ABC1D39474'),(1984,'20981981B21A9EB51FFC37DB0CC89F8C0E9B0A08971AD163B6B9B3B425470A2F'),(790,'209A8C718D10D159C582A003D0945F957F1DA59F7327BB6CBF46E5D6903BCA08'),(689,'20B8B90282FE1944580A479B1E487D9BEA65E23BFA9FB2D4CF14BCAB3595C4BF'),(836,'20D8EE6E6DD71C4736574391F4BCF0B43A87C4EBB9CC4492B4E6299D70B6BB4E'),(1582,'211AD0EFC6CE0EEA52CCDAEBFB2D5C52064E7FED3ABFC91344020BD8D5373ABA'),(1892,'213FB7C71DD5DDA8862D8894F5B8D4DE467A754EB8F8270C6A87BC2398A12C4F'),(1150,'214DA4556F6F888968656B2C94D5E84F499D0C1318FF37753346D827E48063C1'),(460,'215A5957CD510F97803B75EFE07E0C1354FF860F8A1EC558ABA36B180092B253'),(45,'215F7CE883AA029E392CA713B1BDC364EBA58DF4FAA07C6320F71A8471B26D96'),(1136,'2171488C6675FC2019346B53F35B03417290D1D2137DF5D1E1D5FEF07099151E'),(1472,'219F5D02611184BED7B692153484620FD3CE8249ECC5AFE2631E8AFD9A99974F'),(107,'21B4AE183D490D5CC267B6522FCB2A6093F10B708197B9B37121446939ED3D5D'),(367,'21EC7BCAE4648F0CABE96D81108874125FA8FC2CDE106CB345664F7FCAB96017'),(1083,'21F31EFA06690E16533E68D0DC6728DC698C801A776E1D850C23B2F60F202019'),(1918,'21FB9EB01208B157436B7F0FF27E9DB6F0BB4626D33F7FBC6A9A03F9B70879DF'),(443,'22E6A9D6792EDA0DEAD773BA1252C98799767033ABBBDA611E558B0395D47BFA'),(1647,'22ED1948387362B8220B548F31AD3EAAFCD429217D406AAB459461D833068BC2'),(1440,'231922C955E5AF542CC3742F0FCDD08D2257A694D71E400F57C8CCBA3F21E468'),(229,'2319C0E4AECF59E5C7FCA912BE953B7F2B72C570D0B8BAB110EFA4AB822662AE'),(610,'2357878C598ED07C1CADAC464F248142E0D8EE1992A71932D801F7115B828D54'),(911,'237CADE18B45FB21602BF53104BCA6465E6C47E420DDFE0757D58F56162DB035'),(925,'23814DC1F8021F9D64E5C6D9D2C102725C88C8F71125E8960B018FF475054440'),(278,'23E054D9964E39C7054BD592CEB792C7800DD58627EB3461D15EBC82704F3162'),(172,'23F0015B12725182C6DE3162CE08D9FECF21A9ECEB25DF3476646C466F75B583'),(972,'240DB6786136AAECC768760E4670BBE3E68A9683BC1FFE0138C4539100D98863'),(1583,'242D4A5D242647E6F7BD5A8AE8FAD80222D80539759195120610C8077E0B432F'),(992,'24A958B1002926DB3625A3A35AF5C399D7585074E2481ABB8BA3BE8275BD2BD2'),(966,'24AAADBBCCCC831BF79EA03F4F211556CFF1BD88979CAAAF64192D8F157414B0'),(1835,'24B2DA2F4859C9D30E546F7C9755B111AC73C0AC3B3A761EC1DC2B3CA5AA6F53'),(1013,'24D840FA1342E5EE7C6CC92CBADF85590EBAF4659ACDCC220FA964E801EF1CD6'),(761,'24EE307B3818652C9D1402FE3C25E3213FC9C8E2C81B1F0BD1523E074DD91B89'),(601,'253524621B5D962536BCC0F1CD6BD500C1C8E8473FA4AE8867534737582D933E'),(921,'253AC72E1D6B33276B044EF194ADB151C03EA1E0EE30CA6B5C3D1539A51DADDD'),(757,'256BD8702408B12C196F271D534C70E5D9A25F2F98D1BD8BC662DD58C76CA420'),(66,'25CAF46286631EA98BC4704B384EC8F024DD20913BE2DA8AEEEF0A3299004779'),(804,'2610E778DFA21B40BF47476B2BAACDCF52C1354454D68A46074B1BC7C643B137'),(1461,'26164E2759385F3866EC9B80754176BF489D627D88932A6478687D92F72EE8F5'),(238,'264B7D33EF748969BFAB9E5FAC0174406E8730B563AEB81BA72E18E63A9959BE'),(772,'266EB38CC1E552A271EDA7A1F2A1D2DFC506E2D39A44D8B6775EBF0961B8BB37'),(1302,'269C44A481C05025B376CF373093F3205FB0FBE67044AABB7423833D625705B8'),(687,'26ACF84CFD26A6C4602008D9FB85FF137D5119B502DAA98D31F0C2786ACE3550'),(1769,'26B3F58330126A9D2C44C910AE7AE5617785E832EA584E819C0F44B09DA5F3B9'),(864,'26DD11C1AFDD296B91EF6E93536D309B3464D79F323648CF62785476305BE6E5'),(1629,'26E835EDFE1065C9088FABB2F73413321763B9EBAA77F1D3D5AF2F80DDAA68FF'),(1573,'26FE9A0F875523F842BF5EED180DDDE51DE7EEA9839B62E2F5FFF3288DEDE32B'),(309,'27155A3E8B1C749EA2D7072DA30946F6A616FF5AB7B88F39CA6CF87623D9DC7A'),(213,'2736438A8EDEAE0FE7C361F1C54E75A7F6387476C65862251228B4CF4CFE781F'),(723,'2739B073F01911563AA11ECE49D336837C776841190ECF021C757E916CEF449E'),(1143,'27403B51A9CF4ADD229E129BDD44B6C6465283EFAFF911B08E5A7AD15E2404F0'),(1044,'27445225F6FE7CEDECC6367EA6A6B9588392798A280DCB9DD5729729684B5B60'),(1015,'277DECC9C61D28CB3BA6FF72A5D0503F362C145E7DF7657DD94F37DEB4FBE279'),(858,'2798B6C7A5E1AD12CA8EC7DBE1451DB0910BBE735478F312D76CAD889AA42900'),(442,'27BB2DE21A91AAE8EAEC76979E00F0C909A887BA230C9253F33183D1A1C1F642'),(1454,'27C0062C1D9799756F2BB5754E332BFF290B5C8B772C920FF7561D3190302EA5'),(837,'27C8C93BDF4A9E1DB2412B83423CE6E644DE2ED4D1223B6017CBA122CEB1EA34'),(1679,'27E59D61BA2663F57BDF7F742760E73FEBEBA00C2FE513CB7546E0317C795BCE'),(509,'27F3FDBDF5565DBF41389F016215F63BA07CFDB63EB218408A00A7D9FD9FB1EB'),(13,'2816AD9DD1D77D8639027FAD187E01D9E0707B8BB4744697843D3A39669370F8'),(643,'286782527DF294CEB31EB18227E1C2B4EC8EF668DDC280C0E3A72B67B852FF69'),(268,'28ADE27FB2CBC1A99DF82C72E5671C58F52ACFDEE624A831189D2CAB43C8BA65'),(1847,'28D16FC246959EDF6DBDB3B1A359F8A31647C389FC2A8AE0AA043455B88DA99F'),(1872,'2950B536D5899860ED146EF44EA92FD4FB083B7D90022F4CC284D14BCDD78F67'),(802,'29721AFE57D144F66E45664BAD9CEDD292F6C4A1BA3AC415A757737FA4F8B3D5'),(1808,'29ACA444D8A0F8641ACF2C623CB8CEA9561CAF1F87EF08D822A65AA005D3B49E'),(529,'29C6070321C6AB8308599420288DF8CD4A404FADDAFE0E57B8EF9732ABED97B1'),(471,'29DE51C775A8227397A55C4E4A8E7D31239ECC350716E1D24439CA0BF11FEAFE'),(55,'2A00F53A712A2C3775730C8169B8E6231294B3DA8B3339DD12EE2A49F11CF887'),(1819,'2A12668F880D79DCE34A0F88F86DC11E76844F3FFFE92773702CDCDC05A197E8'),(1407,'2A30C988343A57001524AF72A78A584C0B3F3EDE1753420D17FA4ADEDD21E8EA'),(126,'2A40A9B50D5B0715533C3471F15AA3722DB768CC5FFAFA334AB4054BB4B88EEF'),(603,'2A4EC7AFC90926CE55DC33DAF861B98DCB212B09421FE2ABD85A861712AE3541'),(1989,'2A71DDA6645DBEFDB71FA2E88FF5715CE227A46AB262C1ED804FBFCC5FC6E159'),(998,'2A7E1F61815C2475AE3375CE1E98C414F042218E22A19E47B18ED3A214393A31'),(789,'2A8866422ABED6CE0D457A466A24687C0F65AF961A558E66C392322F8DE19DDA'),(1776,'2A8A8D44B9F53F430FB49878D1B44275A6EB3E37EB7EDA04F0FE763C6B0FD235'),(1428,'2A8D09F8E326326C532CA005E186ADC8F589B3FD4736F5049D5962469D563894'),(276,'2AC5631D86DAEBC885957E989FBF45273B6B020751C2B1E0DD34D159F5FA6F80'),(1734,'2AE1AD6A611C2FA1C7DE727922D5B5855BB3ADDC40B4DCF7F3BA5A2E3870BCA8'),(1283,'2B0145834C243CED2DCADB159729B030E7121808918F774CEFFF4698BFCD178E'),(1198,'2B06A909F4CB287DDB01F501E05CE4E902B63BD8BA6EC424648E0F7D1CD57563'),(1691,'2B128CF9D0B61298C77EA705A812BE35A85EB80ED9EEC384C3D473ACEFF0A1F1'),(1236,'2B163D8383777947168A6C695866C344948F22F19D0402254157F40E1981DD17'),(1963,'2B1E30A4D58F4785C7A37933F9184B3FB01F3875A39B913335B353B8177BFE7E'),(122,'2BB2953E35FB0C7E02D73B421353EA5008C24C4FA812987D2376461A80A40527'),(1949,'2BD69AD721D51DC290D755D37C20E2176467A7EAE24D88D8426BE7EBD30556B9'),(340,'2BDB59857D80AA4EF565134AB23847459A1A603283F43F5AB7B23A046227D101'),(1845,'2BE951835CD839FC055718368822A13DA39036A08F2A5E8597B0EEDBA3FC9343'),(582,'2BEDD4869EA3505BFE69925CEACCC6FCCB4E674D76370F29992C5FA8E6A773A7'),(75,'2C01EBA23B24D41450B337059017AF7C93144DB0719F6E168FB525996B88BB99'),(1434,'2C23B6150EC014C96D041AB74BA19DC9FBDB49D230D821D48D30CD69ED446880'),(1906,'2C2D47A4B8FE24E0FBF48D4402AD2BEE893340D7505B2012253F72DC22F893A8'),(1977,'2C511652BD4BD0B517FD5B9002A6F4752A566F4298F8D7B854BBE5B4136EBD56'),(685,'2C62BF97852372ED2C74A30A93C3423593965E968F3C59CCABECE0FF86B3B327'),(1979,'2C9BCFF23EDC847B0BE6DC125A021A391B1E3ED99B1A15711972E80B83DFDA65'),(749,'2C9EA4F92F9A1BD3229BBC6FD82B227940563BB8EC0CFE14037C2B67AC091C1C'),(415,'2CBC2E7DED1FE794C6CE9D762DC22A36576BDF18A4A16C6D2C9313D9320256BE'),(1382,'2CEBCF91F1046DC1756F30E0FE2E552B65A4E47058B89E4602BF1DC94304344E'),(1601,'2CFD2294A0AB32C6F4780D64174D5522649D33A48D68B8AEA69B297B09F02871'),(1086,'2D2261E95EB00B3CEE1389FE8B63D04A7FFEF6C8607462DD2E42CD0E86A4621C'),(901,'2D49C4994AE4A8F96E8DF1498C2C9ABD4A78CC9196D484B1BD9EDE5918751C7F'),(448,'2D7F3931AC91C9E3CF61C05C2DA72ACB8A455DE41E7449EA7104D8E1D57AEEEB'),(1888,'2D945CBAAE9051D532E0091843F376EFA48342651C524BE65C8E25DD746BC5F2'),(1315,'2D9DBE4F02ED8098E9C80371E56BB7C1FBB7491DE68E127A3B19F3BF7C78A5B6'),(1011,'2DA125048C382D595768130B547B9DA1E39C298D71DD56627C42598C591F9946'),(1052,'2DA75A97416FD012A99213AA75E4C7FF68D35AEDAAA4FBB8A8530286223C654B'),(1317,'2DBDD9FD0F2B024DB771A7BAA88810AD55A7524A1BBBDA85BE85CB14D4383C4C'),(1832,'2DD15CF0D484D58765097AE30B22BD8E3CFD4F3B55B26C1ED04580AC7AA4ACBA'),(1717,'2DE645E805373EF8FF8A83E97CB0B635B1000FA9287256AAA81CC9FB3FFC3605'),(951,'2DEEAC4163CAE5DDCA24B6B56538CA7BD6F14AB8AEBCE4DB97C49DCA25D6F073'),(1051,'2E539EDD3F0441A449C3AD0F94380A3EBC4E11C549411C92C41F935CC6DF19B8'),(489,'2EA82AB3CBF8D06375C34DBB415764DA2A6F045046D6CA2FE25AC47E3FA24A22'),(1771,'2ECF7E452F73205B08A023100238D5405ACECC5347F56F126A3B52900F0419A6'),(680,'2EF550B147FF14D9F13D939301FB35B1A43A94FA75534A5C945E11C1BFC002A1'),(36,'2F0B519D9A83974FE9EC9E0F236993CC3EAED6F26E1AEE4BF38E3A098E9F7F4C'),(701,'2F155C9BDA296FF57DBB6682FA2F1797C859AE87B051E4DB2C94805B708F171C'),(884,'2F1F9152013B6D6F13DC1E8CB8805FF52B5A7F43A087B8BD4D11EAB026345DC6'),(585,'2F2CEE7EF3497F05F67793E7161464DD9452791D6F3C3A5895E8C8F4BC50D16E'),(1280,'2F32AFB70B3F3F1DF0A1A28EB64593C64A397E87E877842799433F20D133AB90'),(720,'2F3E25B73267F18C6B24BAB8FF29885BB06393EE0327FD1E74BF8956B21C9DA8'),(1574,'2F41BFAC5C3795BF4174B1E2242F6523F16640246B1C770F11D40A51AD77E71F'),(1505,'2F5700719E74BB6D126E38C659FC563B93EAF2408ACB47A03C1142518FDAA5EE'),(1437,'2FA347933E64468D9DCD925B59B92A050A2A35FC2FF011C8C67BBA84BAE0287C'),(1770,'2FD8B52F908D4BC892B58514DB31F771518F7E00E8D275F33D1452B5FAFEA71C'),(422,'300234393CC9C7C8D1DABF63E0C0B1B62992F8E294A32E4B8891861939FBA67D'),(1795,'30131267FAB95AFB13604179A0D8F9886DD039BECD35AFB232FDE62155582E79'),(1425,'302024616C65549AE4AFABE4E67B0A626778800DCEC4528F3F1654A80A069B32'),(1115,'303E0F0E85C3712AB46DE08A8579752391F561410C2355FAFBF4551C4CC5CE0E'),(200,'3051CF34C4E2C38884877F0D729923841806D619FEFD4E9B03B62F63340B91AB'),(1581,'309232EDF61A5BA20D761C9D736984430A560A6BAC534CB4EA7C20DDEFE4E46B'),(255,'30DB0D5345D9A3B2BDE8F8CE43BD8F3E2601900126CAEE66569BBD8E20A0993A'),(206,'30DBD3FBE7A3E08F789C4958D4EBBBCDC3BBBE986C01D5123798B36683DBDF37'),(1273,'30FA1AC6B09D393AB9F491870EEB8A064CB5626B3DC2DD0910898EFA48C157B5'),(699,'31430FB3D8D89DD02AE0915341333CE74F6CE370E7B6C3B1F02244DAFA291227'),(1388,'3145A500836082F720F4C09D4DCDA9FB0B37984A02A3C5C6CAFE595625374246'),(406,'317BE20D4FF5454CFA8382CC7DDB5A481B3ABB00F4C9290B11B5F34D1FED73D2'),(270,'31ABEDB78621D739A47E3B4D8DFE8F7F301C24A81E60D0DAF5FC7D38C91F08E6'),(1432,'31BF2F41484D0F2A21D4C2C479FC29C4B479AD84C0C6F1B8645F15A39BC28E99'),(1870,'320E6A161585E0C0B18E2CB8AE1FCE3214A8A96F7E83A0D976A7BCBC54D9E9A9'),(815,'321FF7344144225B39C23AAA6D1111D2525BF356CB4877ECF159720AE88BC89C'),(1059,'324BD914CB89CCD74AF9B9B899A9A7A61CC3A441D60295079D71F5AFECD515E3'),(1628,'32539B54E181EE3A579B44B9EF6CAF248B27A1AA8A2922724DD938FA9F1C4E32'),(1967,'32AED496AC9ABAB27291E2FADD6D64D6E47557BD92F0BA93EC1D23089CEF8B74'),(1816,'32B5C249F937394CA02D0245B2A8C5B62E352B39EB31D71398922F42B30EBF46'),(597,'32E25288181507BCA0BF255E2F5698CE782331F89D84C2E1787B70EF0AE43CC8'),(694,'3322E9F0E6363A6F2356C7295B5462B0B28F494A36B768F9E2C55D15971F8142'),(1459,'3338C6D5B196A6FB2B5CCFF9C94F776745CCE50723878EBB88E43F712A4ACBE0'),(531,'336EA898CC866E65A3B4A6A5D86FD6625E00F6DBE8EE5B1DB87741835230A286'),(321,'337EE9F9A34645991F62F5EC234A2E27B590ACA0408F69930D5ED85B81AF756A'),(942,'3385D82DAC9ACDF10777EE57443A5D6C27A67BD92CD3DC03C25846F76D2A70C7'),(862,'339BC571476918E75FFBEFF1AC675D6B429632CE6549EACB6CBBDFEB228B466A'),(1294,'33B3576398F6BE49F76D86EF0DB94B7212DD7ACA81E60419E02805529EA5D91F'),(125,'33C430CE2A014BC78120920D84C5F9C7B5347BBA9BA86584CB7FDEA9DB61E59F'),(1955,'33D1C19DBF18AD959D00160687E06F4C227334B5C23B99F91D8B79D0A8D26586'),(1521,'3400EE284D3F356DF92AB0603F03F603D304F46A838ABE85261FC085A4651608'),(39,'34A673038C890F5B6AC67A19B9FF7BA2C44567186AAA5C9AAF7A077BD9CF4B3B'),(69,'34E21A09C435A44F4D6B6271D28FB3B66056EA27944A18B01E7E49F0B7ED7F7C'),(48,'3519DC0F0241987C4524C6793F6310D3FA6565A2C5C5DAAA53E4D3C8D241C1DA'),(169,'3520A2261EFAA44F89F6A5139544B7D1ACAE130AF84F407B23755FB34A184A99'),(1399,'352283DFF5344FF360313AF1E9337D48E8B4DCA48BEAB936C02B74B7AA348083'),(1829,'354B428877E0E4DAB8B9E7273385C916D1EC285C3A1AEE1406E1C552A58A11A3'),(786,'355591DF2D08107FCE8A7CAB7D9AC8BF2D7DBB2B69D821A4929B05DB6F098E9F'),(257,'35585BB69E527C51C20EC00ED4DDEB33AD8AEBDF4DCADF461BAD8D06EB545F76'),(1754,'359DCB5ECD19F4F2A98A8EA1D4D3807BB01A7D0D757A39A7858147B764BC1C03'),(907,'35B0B6F98571673A4527B9E30094A2A2239D209D186E92377D72C6B9EA17756F'),(890,'36070B6FF3B78493AFF8DB0EE79D94FD038AF2898959AA2C9D43F187AAC165E7'),(1138,'36095CE7E266CFC4638C6466AB353621679BAE9018ABE35A3D5E4DD2EFB52F58'),(1321,'360A9FBDFBB4364991681C210A661FDEF06997D67A9D76C874125F95721442AE'),(132,'3675AF435A46925BF359AA2695965769E71B24D7A657B302D18BC7A51C6D2A51'),(502,'367E7A0765AFFEC808F01FFEE001C64B3DE1E69003DB87F482E9DACDCC02A826'),(805,'36A00DBBB1E7CE88C28322CF6606B0FCEC342BBCC326EC731EB3137C6A1915E3'),(1869,'36BCB99AA3885165E64ECC50591C4DA5072A25B2E7BAADA5A1B57E18737FF88C'),(1708,'36BED3236902755531A76BD083F47D19ABBE69D178301E58AFBD36B4995B32B7'),(841,'37000D0EF5C549C324A9736483B3DA4184BAEA0AE1243EB0971F7DE45F3D164C'),(1986,'3725F388FC35FDD45F64C8C9FEEB979BF4DFDAFFC2E872AE9E95C7AFD031976B'),(799,'373FCC698954CCA2A7CBE73C829381CEF49890564DFE3FFACDDFAF88287831D8'),(319,'376663258B731B25051112500DE671C9FB681BA022B8899400E290B8CC5E2314'),(212,'37AE2D726A57BA74F7C62B3B4F9CDBDFEBDE8E00DC6E74DD1F9E6AEC503F3969'),(1516,'37B8709F2C511D741A32F6483CB9BDD22FABF4BDF194035E7A82F8083B044328'),(115,'37CCD9860CABCC6C2571074C672E23CC1CA38A1F3E38EE969718F376089469E3'),(578,'37E80ADA27F968550802555862592793A6BA497F0B6E851FB43E04F309C65EBA'),(1636,'3807A0D41286D1D8F7EF5229FFBCFF402F456E51D9721DCF25B36130DA35D326'),(1340,'3863399C51B4813265DBBAC52F5366662A779C4C3E1A0CE52A49260E036D2B59'),(1016,'386902542F2FCB63CBAFCAEC6D97CE8888787619F193CA9E054D468A6987D751'),(1203,'388A12378F8EE9F46B7F723DF38A80B4C050F85C67FC48282CC55D544DE69441'),(202,'38924E0B7EA83351B4E3776EC139D0BBAB32CBF7925BC96B6F0A25C99CB1914A'),(1276,'38A3201F0B523767516CFBFCAF201946590FFF2275CBC1B7ED12DEBB051FC46D'),(17,'38B0C88E7BD48ED07561CD1868EFE8614122A08ED91610BAD5FD6BD3BAF51A13'),(785,'38C71DCF2AB451B271D2817265ACDC7A71451394EB0CE0B5F994F2B924CE55A3'),(903,'38FBC95E8D553530F83A4B6FC8B1147820C892673BFEEF736F919A88129CD457'),(1684,'397E834ED478608904B45F9BD123376510DC57B601CB3417CC7136835F45AEC0'),(1049,'399B870CB8D4F6CBA61D094F59E58792EEA3C0780096BEE69CEA128D736A7BA6'),(193,'39B1C68B48E36E7D5C88C2C69F1F25FB237433D27EC5A65B2314D0EAFB278B97'),(1190,'39C65C66C0D121A78BD87680EC304D892386E7995C1766222DED4C926DFD4DA2'),(1752,'39EA56CF4BAB2C1665FBEA2E1C8D050709CD7FA45171486A0FA1DC6AB0EEFADD'),(1074,'39FA6E377859A1B0F58FEE66DA067CB9EEDC48F0ABA664547D35317AA7C9C29D'),(1165,'3A1F623C19F5767300674414C13F84642D288376B2E31E3F2E00C8C155CCFB10'),(1856,'3A21F32B5625774249FE2F1C4A606E32B7FC08623556A03BD56E0B57E22BAA3B'),(205,'3A34EB2EABD000570391FB33DE194588E9354883C7E80E0D5A21B062FF2FC482'),(583,'3A404D9EF7B51BA72C656A7CFD4149B7573D851971C2ACB03564F1CA89F13F63'),(434,'3A5C050D9B91E1CDCC4327F4854F754FC6BF767A381D92F6D198AE5F36AA025C'),(556,'3A8070BD1D9DB18DF2312A99E1EB4277F2B945BD19B28BAB406967670F291DC5'),(545,'3A8D71610BAE88C306075D9A5C4E0776D899D06F12BA9C8B3003E61846A1A129'),(1412,'3A935AB9C1E822C16001B0E320507845AB0295FCD2983E562B8A1AD32DFB2FA3'),(273,'3A940929090D940BC9F18B5432C5038B41E27E5BF11154E0B413E58795D69AA0'),(429,'3AAE266E4DF761634E6112B3466D45963578FEFFDD0232BF0D9AA3690FF6CDB5'),(297,'3AC654E199D1E25079A1025F2A6B31BC0CB755D169FC5C989E517E410FBFD103'),(855,'3AE6BC6028431F3FC574CD2AC2FA4756E0E9B96F49A152147E468A70FDDF5DE7'),(133,'3AE8B72201F60320776532B650D77980CA49E89A9FD24B14ED771A648331B459'),(970,'3AECDE927B441048314C7FAE805C50E1330AD3E245B9EE665D8CD66B93A247BB'),(1429,'3AF28EA7BC5552D6B1E34DBCC8B5802080646125416AB03E390E40F8E4F041EE'),(1312,'3AF62843677FB9D2BEB69A91818CF5CEA0E3F04EBF21FAB6FABD39AE667776DF'),(49,'3B146CE6F77AF0B799E3BCA0F0E0740ABC04DAC483232BFB21CB4AF3DAF4C3BC'),(1357,'3B15912B7FBE905268ACA9CA2975D5825851001A879AA87B8C02E847F798C15E'),(1610,'3B354C62273BF468EEB692E3D9BDD5E3C7D8B776304CC853489E5440C7EB60EE'),(1263,'3B47D31281D1867E3CE10F79688A0E7C676DD4F5E837F36A5BDA716AD5ED9E82'),(1169,'3B89B856B715ED625DD7D17C2FB1BA16EABAB48519D68E12B7E86BD1A05421FE'),(1898,'3BA021F32AC91A1D1FB769F065D159794B61C299A613E45C481C47BC6567F4AC'),(423,'3BAEBB1CB71A390C47240CF5EB61FD4AC548B57EBE2F53BD3CBDEE0B7F717B0F'),(816,'3C0A67B1E0BF5C594FE52CDF112E792E0E53CB7FA9B310EB9BDF2DFA0D30735F'),(332,'3C2A662E72D020A67406EC6DCCAE0B82C329B7E8D7C4586F7777708049B82CFF'),(533,'3C5B24EF168AA1CEB01BC276E99295320C450FE4AD3F9EA3011BE551CCAF371E'),(1966,'3C640E13E486F9063D2C92FE82AC034F04101F4331584996F1655E206F358C68'),(1510,'3C84AAE3CE2901FF9C26A3DE073C58305EB7564DF0FCBDC325414D8ED769A155'),(704,'3C8AA77937CE865056EADC0F8C10AE810F6F09FDA88EA2BB2B9CB8477DB906C1'),(364,'3C91A97191552030902B22294FFFF26C443550EA0F0B3F1384E86784F11EA952'),(1551,'3CA78AC3E9314EF17620CF8013BFEDE09189E87B051DE8322FEFEEAF7950DF9B'),(1692,'3CD0975BBB4FCEE24A6F77781D848F67ED01F9475B45F55D36ABB61762FDF26D'),(674,'3CDB8386BB6A28390052AEE316AF017D62D4A214D346B091CF7DF4FDE9E0BFA8'),(155,'3D2BCCF5BD9126B433438F16824E0D94152A41F03ECB26997808ADDF78E90C58'),(474,'3D3250422029558E55C75205A4E394AF1F2ECEE53C2F2FD12C226F35ED2E0CC2'),(1631,'3D3E6227012D6C4F3848FE13F4C0A63B0E67E3D003C4CD4CA83DBCC9E46F20A4'),(1343,'3D91CB4C4A23EB1AD09DCB2627CF9A3EB994AE9EA48E64BD03318D9C620D9698'),(353,'3DC592460DD6F81DF6125F958F9EDF7BD5625CFD418AF56467B11B4CAEB3EB43'),(734,'3E0BD02B8A8A503289B5A3941536FA35FF1DDF5610E9F488D180C7E75BE56257'),(1686,'3E17E1661D71C43DCC1BD9AF7222B112DEE5E199B2672611DF6AD9850B667D57'),(1729,'3E1CCAA2935B21A0EB57BED1B7359CDA5765EC77BF20A31739701FD426AC79D1'),(64,'3E30E5FF08FE5A079A1DA1FA139A7B77A34C89D6D2A2EAB8741BFFCB59C68EE6'),(691,'3E67D48C40876D0DA7D187F3F3F767D4844B06C32488333323BEFCB577E5E8CB'),(1089,'3E684EC21E96B5B2F802F16EA46592D63B42DBA9AC374AA3F9E1D31F90ECF77C'),(946,'3E828DA138C984DD885F30EE7DBD6D5A7303BA6ECB0CF021CFA6B925DA218599'),(949,'3E95E1AE0F7888775A4E291D4B9B7FA719493D793E352DAECBDD7025DCBCABFD'),(1866,'3E9807F6793EDFC773D57BE79B840F25B012E8ADDABDC09FBE595D2FD97EB007'),(197,'3E9F00AD7CC896A6D60555A8F1FCA6474FDA1638AE89A2D2DF3B41EB38AC79FB'),(1707,'3EBE5CE7AB112A740F7D47DFD900F3B3053B4F719F106BCA5BA8BEE81E27F91E'),(634,'3EC6DD02FF756C007CF9760F1273FC37EADE947F787703C98CDA5613FB2D3736'),(488,'3EC8A25A585DC6D515C8BB93529B6D6A0CD7B4D363B87C09A1A2B4CF83C0225E'),(1391,'3EFEE74C64F4BAEAC4D838BD9DE80C98526344DC3D6957857EBD12B02CAF09E4'),(1799,'3F4D4545B2C266B8F4A4D958CB44F51C3C0A3F801124F766F0306B38877774B3'),(1036,'3F5E20F174C8D0023822F525F8235EE580CD1051E6B24BD7571906E375C92369'),(1171,'3F606DE09561A4C3D92CC93421C1F90E43D7705B84ED53D08EA55A95EFC376FE'),(1864,'3FA2DD127DB488ABA6B0DF0012D2CBA8FEB812B37534C831DA31A03FF57B0AAB'),(251,'3FA5902CBD589CDF6A2676BB31CFC1FD2485EBA76AAAEB76E1C4FFD83B6D379F'),(1917,'3FBE5DAB4CD38090A58EBE9CF13870C31BD9CD49B42D81619D4ED523F82429DA'),(1189,'3FC0BFF81B5AA4E2E093A09CC8F3EFC266B015440D5D9C7594BD374E2008194B'),(1651,'40022A76BA4BFF0BC63ADC7D64AE140E1C394F8A7C9A54809B2A3B274C57C152'),(1309,'403AB12A07B2A0F157DF3365A23CD563FFDFF1182C91D616CDE84F22DC1EF217'),(1634,'4051928AF3160DA48BD1C0BF7FAA5640A9C09EBF0DEEA047A85521E8AA01A835'),(28,'4052BD75D8A437CF36BD35D4BF4EDCC28EE4383645C40052F7DD2942BB5A32BE'),(711,'40535BCD92B9FB4058E833229F53659CC716BC9420687E551E8230ACBA308B6E'),(1141,'40AD2DA2750DC9B6AEEF95CDE3E451E11393EE109EAF0388EE4C156AA82EF7AB'),(959,'40AD981CECC7323200A4D1F3766D244D460CE26C9EC268206C0C58618F5F646A'),(375,'40B20A1085ABC4D2304E0A5DBAE41D8D38E79166716AB7B97E5AAEF9FED7CCF2'),(466,'41470170EF73EFADBC613EA9D1B0968BFB0ECF69FB4BA22725BF1149053864D1'),(1543,'415C025785D77A15CBE2C5C2E7ACF2D8A07389CFE1BF9E3A622AC1CD94A6E9CE'),(1603,'415CFFE23AA68BDBF84CDB2D30F3D77DFA42A51CB6755B1D851A1EB0017BFAC0'),(475,'416842A9DAE47052B438E6BE6484A8E3BA7BC739D03AC8906A6F3B29AFD78D1A'),(1764,'41DA1C2E0AE3872877D063041535FD81F069F0E97CFA3AADA641A1C58D662B6A'),(424,'41EA199352CA159BE8FE972040A57230330E7D61F72A4DF40BDBD11E5C029A6E'),(1604,'4205E30B0CB7EDD90FA586A9F37CDE43C91166E3C7FDAB19AA6F163E443E0366'),(1411,'421473BDCD77213732F0E74B752259CA87A4260FC4952BF32060002E51BD2098'),(1247,'4216BADC5C204BC4E75A7CA03F0F8AB83783A82281E1436B9A0292BF0F4868ED'),(1746,'422499110E2E68A5FE1D65171C6D7502B4AE8621687B9827F1D90165250F3D14'),(329,'4253454CC7FE4C0345886F8EF9361FB9C044E8D8464FD6804D7805D73E060DA2'),(142,'426F9FA11ECCA99EA51480B1D927684A0584EEAC607E24294132B36F412CA730'),(872,'42A651E45C04FE54910CB7C6A77CFE24C6A90CBC9D4B6AE3DDFA36825B3FC5ED'),(1421,'42FD7122D85F9E732E653340C7DA53E6803078CCEE44B7681E510A8DCAB8698D'),(490,'431E08CB902B3BF0D457A30FD6C3E729DAFC72F483120E69EE12C03B51F3A8FF'),(1859,'432268C3F4BD19CE74641D6E9AC5DDDC55A2EA1805C1D5FB634A95E21C953FBD'),(182,'438A58EE2F3860CFCD9335CDAA495DC10FA91B475FD1F69DDA8AEC63092D0972'),(870,'43ABCFBE5A8135E4E3C6C6BBDF8DB06BE23C09E149AE364EAC8CB8929EBD2712'),(1132,'43B84C871B47346947C742A1A8B61840D20E46BCADF9FE7DB10E0A022C0C1D09'),(203,'43BC7F27268696085CA2F49D6AD5015584834ADA31BB748DC4935CC2572BD13B'),(141,'43C26586C1F0B1A76F28D2EAB4AC76B8357EBFC7BA8B9D16431EC0107AC82C4F'),(1830,'43CDB6038D477E2A548719C380AAEA10884B0BC392975CFA6F5E6DD9CEFA1DA5'),(1828,'4441F019C63AF16F21842551BB365182F31C84235C945706A01229BDA6F308B5'),(1293,'444C6F60999785253B23E3DBD7DE3E039A5930D99AEAA38AE0B53F4366432FFA'),(1477,'449EE3EF2AA257D4FA702E407915AC5B787B79943CE40D3296CCBBB4A7E8A82E'),(1229,'44D536B98F33D61A2C83BE1E12823E42E41C974437C4E995ADE92723BF5DADA3'),(1392,'451FBDFFE45163550EDE06D9080CF4C1066E4D0C4541201562F26D0583A31494'),(1239,'453A63EC7DB71A2561F31B52E7AC62F066AF4711CA46D8293DB7B655C5065759'),(1449,'458F84C21FEAF11D78319E7914944A053D631BB2E91D4831C06DA48CFB24500D'),(1896,'45BFBE331DF560ADEF6049E18FDC76F54612805AD3F4174791BC64C0BFC61F4B'),(143,'45C9F42E6A04E1BBC666D87CE8051B39954B28953CAFED55C7142CC5BFDC6F65'),(1566,'45D82F15BBA197494DE88A272BBDEDD96ED50F84E778B87E720C60FA778C130C'),(1156,'45D8AD7D083BF19E2B8EDE648450C648755DB9F7144486018FD97926070BB76D'),(882,'45E43A8083FE9C2FE0316D463A422DCE2DF6603562C0AC44774B85B59E86A212'),(73,'45E74BA1A81D8D2F3BD77DD5BA519095C6CD7129896621AF2973249FB92A8016'),(368,'4606238A70054B77AB48EAFEACC1B7423096EEDB1FB86B2054EEF8FA2952AE2D'),(302,'463E947276D7D75D2345C95DE3885401FA1636AD484A21B6B0C000A77827DBA6'),(1389,'467165E4D23969FE77328F3762DDA39441C796CA2D4AB207370A8D10DE1BDDC0'),(854,'4675D107F5132B125C37922929F2AAB7A4D0CC63A127FFFC6AE43DC7A92038DB'),(1081,'468DBC60BFC5E4EF9DC583C365459E3606A41002EA89432B9A8332F05148166F'),(1959,'4727CF844CA578EA434E9831A343D5535508E92D6ADF87A2896FB9E4B058F1B4'),(185,'47673A0C7B528E7C1C712CE53B1F795A573CE22A06338509635256926FB1421C'),(940,'47CEC8B1BC5658741CE59DBEC61B2F43D922436DFE45BD7231645EA18C4D8B41'),(1033,'47CF6516E6831B14F66266B6E7E3DF1C86864B8EB2A7EE01CFB57ADBCF2815DD'),(453,'47D95563231A300A04177872A92BEC96B507FC3C366EBE67C4B748BF311BABD7'),(1117,'47E3EDDF5D21A90F48DB9E192E7A4C41515FF512987A0944DB0F97C946DD8188'),(1836,'48514BE17DAA15E0C858B2D42DF06C054F16B339127C9CD792E78BF2A0EE73DD'),(1400,'48647A42989D3EF2B8BA103A7D848983A96096D6BDCAE7305C14553A96F9596E'),(1801,'489367BE8C2C344FE6840576CB9C40172786C5E0BC9006A3103D8BA972A16AE1'),(325,'48A3D9BBD0EC1F56E1BBACF400B216BE9E3A86AFABB3A8724CBA830F61B8A9A1'),(945,'48AFB73DBE35BF2E1F242B53BEB32B4D39ED482FDBF0CDE02550EB6BCFA48DE0'),(1554,'48C5025C48B22895621A80D278B7D1936CC7F9D6ABA38EDA8E0AC529FC78C24D'),(1147,'48C8424C71BB4F44B7E1AE6037585718737B6594C84B408E8214ACD21BB9C720'),(1058,'48E0F39BC0EF4847501FF71A72E7332BA7D18A5DE0B19ECABA6DA93874019D93'),(1078,'48E95DF84011D7D3035C04852169D4CCF0B780A01BF6D0ED59D3D18D97C9C174'),(290,'48FDA73E6A4597EF29E251B80D2E3F0A6E980283556111B48E20B8FA107FC0FD'),(753,'493570065ECE95BB2C2CB3FC97E20D9F59D0360366F11668110A6DE7303D421F'),(1154,'493DDF1E793A03DC6E0948B68619C885C36F0BF78826889470901F33F2969093'),(1568,'49827CA4B93BDEEE93737E0BEC7EF08459342C849865D0EC5A2E60B90DE675B0'),(1326,'49C2E15228A42803D55458941BC3720FEEEC6252F8A40212BCB4E9A8F561903A'),(1990,'49C413D93241FA1ABF3B695E8D8D19A1679C8D431552E89EACEE6D751F6D2726'),(914,'49CEBF35874BFF7420337746C25501C736497A6AC891456C29F6D3A0CB1A4DAE'),(1680,'49FE41DA29926833DF895C315B4F980BC3222E74469DDB0414FBBB6420AA98CA'),(299,'4A0AD848A0E64C5F584A096BD7D93E99A97D3D70D140C778A2962A173445AFA1'),(1537,'4A56637820C8A7BFD828C5C2E1916630224957E1623BF28345587D2D2EB4D011'),(14,'4A60AC5069C814E3377CDBB6F99CCB7F55D4866319E0AC1D6DD6A36B8C924CBD'),(330,'4A6BE52A6BBBD231DF4DA6B43F62C8D55D4C6887F470FC7F0DC56BD5EF5D16BE'),(1905,'4A6F5A7068250959D3D9AA961C7F4E7A4417A95E79A341DD5CD4C2A7E13207BF'),(1507,'4A7079703EB1D3A8CB3D3F3BBE0E7C02847636A2F364252C2A083B6270F8BAA7'),(1179,'4A7380B2AFC4F6431C879F44E4FBD5D6FAEAD4D77BB7A118F0A46DB5DBF93CF8'),(1047,'4A845C461700FE102AD419E36CD57A72AAFD1E5A6E942019933B567A2477BAB1'),(1296,'4A8B4E25EABDCC0F7DDCF2381B1DB89AD1810F4492F51993BBC73D3F5658CCDD'),(1042,'4A9968BFAE0F440902EABD868559F2979A6C645F88A6E4E3B159F91E0A510EF2'),(1748,'4B0A3DB006B08C8F460B8B5DCB85B55CEF4230CF5384A72CD6319B8F906B4D57'),(1953,'4B19347EC17D959E4037DDC83D454C2C17C00CD655C5ACAA98B0D79007E8DE73'),(606,'4B4A387A69C0284D41334BE307ECEFB3F580834749BC6F7388D754F4506469BD'),(860,'4B7BE9EEB3EC661ECB5A4A0CD09A707D7639BDD11E612779B9B1AAA19A05E61A'),(540,'4B7E40901DB67851F866FD64B126628FD11A2C4FA3C066BAB0C316ED9945CA45'),(1639,'4B7F80020ED1D6153FFA6AF391568DA97648E62BE70B1CB031C8B68390B1C0F9'),(1919,'4BB748686F3054FC9D6AF9D5B6C117E4DAA820E957D972F3F240D989F2169197'),(1318,'4BEFCAFC32EC8B27982989FF988ECD4ECB95E3AA339F69C665824CB93D28CC90'),(561,'4C234DE2487F4CA24C4F083805DAA406516C1BF0A6B71F65C25ECDF33E66EBE5'),(1544,'4C35310F75141016DBA0C3E456C3B8F190D832C9FE973CD57CB96A6DF7111AD8'),(1048,'4C52178A7A1A6E79B1DEE34A11DB620F89ECE5761361AB4328DBDDE7C22D54FF'),(199,'4C6D176443755863F62ED3A07E1B22FD42AF2089DF708071E1C8CCA01D7D02E1'),(360,'4C824A417AE48FDE314C90FA10D0DAB14F84C8B4F050A2DB932CC9184A5428EB'),(1817,'4CA4A4A92A69A8400D7E936752EE3AA3CCDF77F812A07EC354CA8ABC6054639C'),(1937,'4CA63ED4115C17455DB9478A5A85D557B8996487E7BCCAD293D55AA13D6578A7'),(454,'4CBE156BB6004B98906474E1B9EAF8A822D49E4621B16432DFBC08CA2FE4629E'),(1938,'4CC9CD044AFBB75456E25D3A57AD2BADA61DCF222983A0688EBA25CEB9018E61'),(9,'4CD180787E81D64A216F24EB25B1BA3669AF2AD2CEBC27F8D34A721DC0764FB1'),(1402,'4D0276E933FDCBF6B7B5303BD84AEF5FB1BEF41012DE28826961BBD3973E3F76'),(1774,'4D1F41844C22B6727713B4B8DD4736E1C6771C8C50F86FBEA8BC93B1C9D7E53F'),(20,'4D369099B3DF1D6A4A277A24025EE74DD23AEAC6644C276872BF3685AE69A266'),(1658,'4D7510B3FEBB4C89E3BB346118115EA02795944F2B6B86443A23BC12A07A5F3B'),(497,'4D8A28B20BBA8294ED3D8F65667A7489CFCD60A5424D95D82E4628B601D2E418'),(721,'4D8B025060BA9D1EEE790DFDF0FECD1692DCCD274562742B1736826C5FD1C189'),(1934,'4DB6D10A559F67FE24AFB8C88C9DEB5B877FAD746AAC9878A4A5914D89AC06B7'),(1965,'4DB9E167E5440EFC8D5EEC1687332DDC175BF8971CC838359ECB1DE6D2FEF5B2'),(1287,'4DD1B6F73552947D00E6E1735CB3AF1CE4129E0952167D209B50308470204C0D'),(463,'4DD2F721F2D9F68348C1FF2E165A41D90DB7D4A526AD5D564941C54AEF67A01C'),(1267,'4DF1D2048BD564B3A3B8CCA5C8E24E84E6CD8E69C18548A3E487C5F0FEFB0143'),(1020,'4DF84954C82439BF8C282C5553C8BF03AC20B76B64C5836BFAA7051D1B15E128'),(1316,'4DFC0FF46398EE34195917680943F8DA5BD2294787D646F096E185E96804E943'),(1000,'4E0C4CD2187C97DA11BB4F08F533741735DDDA4E5AF1F9900404D51AAA97C1FE'),(1657,'4E5356DEC97E5255C79F1BF98F35AB94E8A5C2E318E09F92E1FC1E3FCFA3E15C'),(1334,'4E76D85B70745CA051DBC296357ED7792709B9FC30EF16C86A1A283AE7EEB06C'),(555,'4E829082B2C6F32EC3C5A6681694B9210A7AD36CEDDB146832E0C1F5BF43759C'),(1975,'4E890EF7A5488721F56B413434769CC7C0D7C5FA3202F4D2CA707CC8263FDFB1'),(1778,'4E951DB8B00B9B5D3BABA4B84C8A0C00A7BE6E4F8E53B525F59E14B71E144E91'),(551,'4ECF40B7C221D07989C829A1403D92958EDA4906F5FB514529A7470D969C55F8'),(638,'4F1CFDEF3E076C59F8CBB24D6C22AB088A2000794C1056F90260A2078F5FC3F1'),(470,'4F241B9240D98CAFC4095B10BC85A8DAFB1195C58E65860E603A0C90ECFCFD94'),(1046,'4F43AED9939597301B30BC85CD080446C7ABF462F9C44AD7145D22E71E4453E3'),(1006,'4F4FF5D2CFD54AA07C3070069562B87AB3A8A454070D52B490DE3533FE789ADA'),(1082,'4F6D8B569EFD325DADAA148EFBA1D54FCDD0988752019104EA40A9C5EAF07A41'),(1416,'4F9B4C243336681A4129785149CB0C8F04B0811A528AC5AC42FB1995FD65A9B4'),(612,'4FA39515A95330D8D657129D8C431E5A7872A4436C8E1678A8BF91BAD2311AE6'),(416,'4FD8BFC02CA2E8C18C003F1C1BD513C6708B487B3B85544531CDF52EFEEDE2FA'),(999,'4FDC3BB88932870471C6F0C35BD99FFE49CD7D47DCD8888542B3D256E75E783D'),(174,'4FEE6627AFC31311B211AAB70CC97DEE5C5F059CC49B514C5EF6938501B60BD3'),(679,'5008612CDE1ACAF076C10CD6F8C5F5959F9CD89D9AD79500D3BAA412014B5215'),(1622,'505E5E76FFD97E2AD04321CD846276092F06A49DDACF12B116E0700B34023A63'),(1245,'5080D4FFD8798B314ECA774ED6E783943FB588E84E24B768A5A49BAF53929008'),(1683,'50AAABCC5DB6F67ED3AB73635FF211B4CEB1553464A4B77D1D3673A842F7FEFA'),(924,'50B09ACAA8863264A366F84777C9301DF22801CC8E47FEAC8208939A500963CB'),(1511,'50BC8CF637B5988C5C9C848FB794D60C78EFD0614FF99476786F50EB4BA805D6'),(1536,'510ECECEBE2FA673EE24CA96A42F412B3B936DA650132CF3805F58D8039038FB'),(665,'5112CFA04E2B4253974B753DC8328C457EA33FA025CB7E0BF633FC578986A87A'),(149,'513A5CBE55D73975AA0B1F072A7FBD67BCF237DED85E1CE1836F270DE671D1C4'),(712,'51A38E1A7FCDF093C4E7774E9E1264720D2E5629A2DD6722894A7B0BAA04A80C'),(577,'51B7505A02E4ED501F5F6E127689825D807805057C8676F785A02397EAB7A250'),(1882,'51C32FDCC9A385A88C453E7A886A3C5BEE8491FCEB0D9EA38A5148DFE7C24B99'),(625,'51C95339465F353CF4553D461F6F646470EB785D602038110C2499539C23C2B6'),(342,'52082224BAA5684812ED191C84AB76FF843700DF97DC8AB57FD6A79FAC171277'),(147,'522B4C8C95050D28B68A0C36026C1F8369797608C15CCF05E2BFF6C994F8D1C2'),(356,'52426DDF581390F77FC7BA85351BE7EFD624FCD8CDD201DF6C2250D368C60ED3'),(851,'5288B47B1C96DC766418061510780B07282017EBA24B59CD92C4900C9F980D16'),(86,'5289D8729A893384FF53C62284B7F807AB2F64A32672306A5F367B65126A0A76'),(1469,'530E22AB47B61BC5AD7A80F4249749C12A98400D631956BA346E9E4DE798EEC6'),(128,'531F419D8A66399C6A9DFE3CD163FB02F4DDD653924E7B94503AAEDB2100D264'),(1101,'5372CAD44FD4B6D4BD177A9FA4EE059734D767775B8D461DD2A741783DE84A02'),(1618,'537D7A8283CBA72803B618F2464CD901694AFDB301FBC9B072778AB080D29ECC'),(44,'540C76E10CCF0BB4C7869B21126BB8342492F59069D530E4C0B46461208D9FF4'),(962,'5420815570740FCE7EB88685A994F1E64C938119B110CDFAA33329FEC18B17E2'),(525,'548F41A1831041AFFCE01B27569CB725D854DB9DC54A177A00E8EBA656E2BE20'),(879,'54CDCC429915BE47FDF6AFC0D315EB858A7DD53E8099126225100CFB50064B17'),(194,'54DBFF4426B22DCD77847E00246277F7D05B28EF1F2DF6246966E2896CED0C9D'),(1438,'553337BACD67D034C8063461A946A9BE865458D00A44725A4E855CB8F9BDAF65'),(1558,'556633BD7C572EFE624C35AA82F3C8E83D25FF04E23E2909C6EA8661942183C6'),(1947,'559582066AE1A698CDAA141FC4CDB1F27E7E2C42C5A620E7216E4D4EB7626023'),(1838,'559B5BB04181D32DC51326AC021187DD03DAF07614DCF86D4FF7A020D2EA144A'),(1991,'55AC46BF98A3E5B8E8AF0CC922629BF61E137EC736749554E16F56EE749CA803'),(682,'55C7C6CE7ACDCFDE83865717146B6DA45B921126E464A5DB17623ACA902D54B1'),(710,'55FC7E9F5A5AB54EA71AF10A76305F02CFE0F1DB796CD052CC24C87323FF4AC4'),(521,'5600251D2584EED25D0603DEEA27B8729DD8D126495EF7ADA29153555D4DEB17'),(1420,'5623C6067C404C653EAC577AEB86124340C94D9161504F3A1B0B12387DD68145'),(599,'5639404B83117C9B4D0F37B93F6EAA82980EA460732304F4813073B1EAC4A5B4'),(437,'568344515FE5801DE87E6D4EA7721E192AA9AAEB3775D49A1A2EA1356D6F4243'),(935,'569D79779E7B2FFDD60E0B31F7E5AFF60D1F8723DCBCDD85F3D1B98056DA3628'),(1572,'56F4D4ED3D7B932C35C5BE6FCF677BEB678C5C1E473A6B6ED9E335D0F6A40340'),(1262,'57073C351070732C4DE783DE6BB47E850E227AF7AC124BA98DA34FC8F6BA766D'),(1397,'570DE3D66515D03BBC3A905E7E875F038D2756F457DA854115AB3204965C79E1'),(1183,'5716CC0D230F9F501930F4B4C0E98502B73307E4FBB5AB1CCE5A1D47F9AED25E'),(1177,'572718FDCC513EBC04174835ED1084F0E8AE646025DA43CA2A307ACA077065F3'),(1675,'57F6157179A59D672ACD998D0E7341BEAAE94AED74F7BCF19A8E6B6F6631DA18'),(1063,'581289833B8F53C433B8C8D4DCF8024AB90CBDD5CBD9A36FC3BB36D788A722DF'),(1349,'586B4E14FDD0801B71D2652368B6433D33182EE6A3D50F12D9949A5288B3FE3E'),(1383,'589ABF712A519E6A0B7EAD47A552FAF6073B89FC2449EAB68D90780CCFD5344D'),(1113,'58A0C9C898FB43CE6A82828FEA5273548AA1842737179899394ED1FE2ED98BC6'),(80,'58AA56E5534CB0612D1082CD083F64E00CD3D92B16BCC91EA438EA539FBC6E6A'),(1152,'58B614C181A0DC1FA033F1128BC4B7CA4191CCD4D667590118C2DFA7ECC903A9'),(1076,'58C9A56DDCE085542B10975373A5A5CF9C1EADA161BE35EBC4C15BC2B661944C'),(897,'58CFD20B5792B9975FCDBF4939D29D9CB7C615525950AA9D8C073FDBCD128D0D'),(1172,'5909CEEE7C61D3728A9B24DEA573C5DC4C1B92196CD463DFBE58F6012550F443'),(1887,'59382E80EF9249DFD04DA22F60E46B26B94B93A83E4A8A4BF8DCA7AAA232B4CB'),(1277,'593B1CE3B8EEC9826003A6823E1ADD0D08AD81E93C180CF34CEB45A91457C470'),(997,'59A2A7EF8F8DFBE10422AD95C99C8093CEC1D2C816D0FA63952E074E9F6A7A5B'),(626,'59D2C30ECF094C61660A56FAF9B18F73A4AFB08AAEB68B8D955E190B99F59358'),(1116,'59D33E9173DFDF76FC505E591912052FA96C9EACDE5A0AF952375B2344C55879'),(636,'59D8E2904822AF9C49164F52AA5A8D28045EAFE50F2136AC8433816AEEFFFD8F'),(861,'5A2B00BA801DCD9205B35B386FB8B822457B401846AB410F53DEA221F0AFFC32'),(783,'5A758B2E02B3B07F2227F0745D3C01E6A64CBBCDB56340AA6AF41267F41C3B0B'),(752,'5A946AD613D1C322DD03DD0889558CC770202D3CFF9EE0BDC89004EBDFDCCBC3'),(780,'5A9EDE2549EB75DEBE6D828386D366E248ABCCF5C22218D0E50191314672F008'),(3,'5A9FA029F2D93A2724CC96C98C5248351347FDB52043B0A11DC6FEA0A26A6623'),(838,'5AB1E1B3B6F166D4F8D7484C19AF2F3CE6EF0EB28445DB94E487424F4374AF39'),(1562,'5AB2D2AD541C7A83ACD82AD1FB5D07C9610442FD6E94CC03AF09D9FEB6E7E4D9'),(1780,'5AE0599D52EBFECEAD62D032905596D212429EF5B0A0AA3A3516DDEE17F7561C'),(549,'5AE796AEADDEE0DDEF843BE5E5E8F629DAFEC0F27841DC64B778B667DCFB5745'),(1538,'5B04F407575D4BB9AA57D836D2156285D0E8FCF831481270F8F54848512F8ED8'),(355,'5B30E0DDE2B3B67DC7EFF0EBCA8C90AEF5FA93B51358356B1F2B7AF949489C31'),(584,'5B4CB2094A6A4888FAA691DFB5185B38FE9B0AC8703F48D310A3D0446F3D8170'),(447,'5B5246FCE2B2DC520C618ED50C9B895E0CA0781ACA39CC5B02A931B74F1538B5'),(1763,'5B581518415C2483C3BF3C0F4B0AD4A244F83E94F5E38B12FD7214DE58DE0473'),(1481,'5B6B341A63814459F59ABBF72216B324936D962981A2F98DD1D2C9FA70C38879'),(78,'5B6C7F377C00447A7244E0D4A208BD284160C478D7955B1A2FA37E9560DB5668'),(944,'5BA5B94B5C7805CE837FD8F3D24D7E3036D9AA128DBDF88B4F59F992EBB6E730'),(1956,'5BA74BC0CDB3D01347021D28DC9065BDC3590C25AE0C3AEFB21677B6F6D50737'),(896,'5BAF8B2348559EABE8C8610168315FA74B3BEA61170C39A862288995DE168D12'),(249,'5BC46D363C46A160AC55B58EE66CBAFC4D91A61A1F5C6FC5DB611968C2666028'),(1028,'5BD4DB272AD3428AD0F30B452F4CDB5AD50522FC85A6C2ADA4ADA0D3984462D9'),(1759,'5BE12D7CE8FD2D651C3C2856772FFD5086C38775E4002D096924F8D22C5F283B'),(760,'5C1659A5ABA4C4945EB9C613A0CA541056FB4335730BD75AEF867C1D0FD95F7F'),(1542,'5C55ECB511D6AC37A5BD06C8C42737568E74C05C7E3283858A15722CD940FB3C'),(1227,'5C603496A166562BA902BB06B540D0139ADB9CB00B078913B7F520E96455A176'),(89,'5C67BD3BDA2E8B64B0EB003AC1D8C63943DEF2D28E49D257180DA181B1E32592'),(1427,'5CAFB03A44D281E80BD48757F908AEB6520D86F256845AACD27B7B3E6049C080'),(303,'5CD63EBDFDF35180A3C130136A3CB7668C6A83AFB1ED7B00D7C567AD0358975F'),(1797,'5D00476BD5181F21AB8474159BBCEF3CCC8CA5EB0D3F2A3FFE425E4EDFD00E71'),(1146,'5D07C59988EDE986F7DF456B72D3C0514DE37E414CB817834AEB2C94BB06D27A'),(38,'5D362EE9034668784740B8980FCC03E7D9EE3E7545742A359C62D188DE9B2C7E'),(1475,'5D443FABA7F7A5C6E640414AFA8AB9AFA68E8EFB7B2FEB0D0185A148ED5F7C82'),(1191,'5D5DA4DF7F607BD096DA01A5F257459510DEBAEB8C05E3370AE4CFDA8904C3ED'),(1665,'5D6087BB395A96C936D6F1CE0C718B3F6A3486AF5F4F27C939E952D60B834C69'),(283,'5D944D1B5889CBBF05E4C1486069E2F6DB601CE8182D48F6B17C5D2611BFD6E7'),(186,'5D958A902E1CF8AEF81E28C6653E2BDFFA86D0AEBF78D76D72FB01EB4A3C5905'),(1095,'5DC4439E018591B9F5FF0247FC84937887F3B2857DEC33CAC361A12D5650A70F'),(436,'5DD2D872308A90E65B05B5E78C0961CA1B95B1DEB412E82A02AC83B36DBCBC26'),(265,'5E1E80B97956791E3E3ED75C64D4C28D87D7CCF7A332047FB4DECD7A23484EEC'),(153,'5E205E63D48385B14212AC88B8E90D1FE68EB317794027727250DCC1B2FF2373'),(1002,'5E317FD9F54B91284EE5EAC7FFB061C0507B7A90003D9577AC260E98C83A8032'),(46,'5E6011DE82D3209B9F951DFF70B2B2546995321F46D876ABC9F23BF58D94CFE4'),(389,'5E66A0D713969686F0B6D04E399B22AE3C48A6F094E8F2B20E17B1915B263533'),(70,'5E8AEC91A6710EF8543A703240AAC0A05E6D40451272E45568DA8F6DE1FA464C'),(1570,'5E8D213EEBB8C086BF19E78557256455F56CE2385AFE58FA7EDB12DC634D4747'),(615,'5E90A840A4333729940551D7EB060CC95BA0CA924B23D1A793FC79641D3C3277'),(1393,'5ECD3A0FEB634353273A0E66B63AAAD0E8B924A1C9E3761190B5F83B7F144FF7'),(1468,'5F187BB3BDAB11674A7281869EB2F5AF4B5300ECA4CDB1DD577C4A9E399F55A3'),(1565,'5F1CD3515C319FDC77F6C241B4BC4F530BDB9933AAC79F12E0352955FAD1FF9B'),(1356,'5F34F5693AE06C7CED3058E0EF88F8EC5DAC9CC387E4DEC4276B14EEC9EF8277'),(334,'5F637726A4A969741EDCCDA7F201E1B1D39483374B8242C91EFF304E942B0D44'),(196,'5F715AB8D3384EF290FC6A304CB8D93C58D6606FD40981D3DEA83E09BC6D24CC'),(1736,'5F725DADB603ABC230BCCB9472E5950F6AB36DC1999DBE47B31423526725C60B'),(800,'5F95263BAD5B6E75966A584B6009811BDEF59F27B416F5555EFF62DE11C57952'),(181,'60097F7FE0487B2D19F970120D87FEB5005F028ED9D040189A8644EFAC9FFCAB'),(1087,'6020C130ADD6CDA25A71FE7C62F8F2ECC594FB5172DD9A09CAE4112047A01FB0'),(1121,'60488D5D1F5601561F395E424344BDFC1D587C6E77839DF7A404369405D5766C'),(217,'605FC77BCC76393BF7BF5BD4F52087E9FB4F65FC781D3311DA3561E427FBA3F7'),(1480,'6060F59B58B31EE862E4771D63EB64843E375E12A54BD8228FFFE552B84BF79F'),(272,'60D37DFBB489F7316EA90BB7C56695B54326EB273E65CD18BF70A87EAE8570D5'),(958,'60D82E3D7B054C735EAAF6EA769764B1584BE40D316A2464E0A9441AEB5ADEBE'),(411,'60FA58D61A2E2788DDEAF572D5BAC0E27D3B8A8A6E78034D3B7FB132E1CA7019'),(620,'6105DDECDBA85C2BA85C9A320912E7624E964ED713D77B943D6436F1C76877B2'),(1716,'616AD0F5F70DAC01F091F832D946E7189A3A994214199288F1628FBDB63971E6'),(67,'616E2A3C59336287E11EA0527C56473784947FA1CBEED73E623BED9933F9D691'),(1351,'61838B6378150C36D24AFBEA5F978A4B9B390009BD998FAD8FD5175F6CB90EFA'),(481,'6193683F57EA53F58C3D1167E08F0A60A7619EEAFCC5C108694AC41B8F43CB0F'),(1661,'61CEF0769CF99D74C679AACC66672485ED43B4D0E7799BAC08838D9D591C8E15'),(865,'627F2680B3D92521862CD71B791AFA9159BA522BB09ED0E160FC21CD21E81D1F'),(784,'6284AA82A16A295F809081BE5DF6929E46C07CF06B026478FE2F3F9FDC234331'),(1943,'62DA739DD0F59C8454ED876DA07B472D760F872437098E17101805390DB1E545'),(632,'62DC1D2200139AB513290A60BC899D614A95C5DE24B665B5DAFAB1B67E14EDB1'),(187,'62F3F67A6FC54D3B84E2A9847833F1DAB85E669FB258FEAFBDECE8BEE1C06892'),(1111,'631ED02A435BB7B4BD2F77B30A4410EAFED9C5E5577810122B5561535EAFD5D6'),(982,'633856D33708E854EB1CDBE9B798BD8315AD6018DA9EA43D5DD7E8C2274C0A08'),(1740,'63801A6B63F3A7906D2CA6ED6BAA301E29DC4ABF7A7BCF2840E99CDFC580DC66'),(1320,'63D3DB91F178A8737430F1BBBCD41102CFE81D4EBBE189643B9BDA74BC2B6C38'),(2,'63FD2CAA9EC4A5D0DDA56D1522ADE038DE17BAF6896FA893D65792726648076C'),(807,'6402B992034678173BEC0A167246240FBF16EB2591D889D25E3C375BE8B82C74'),(1600,'645CD75DCB0B0B8AC58299447A6E6A316CC0B801310E3718333ACEBAE3AB348B'),(1861,'6461A248DF47B258E78CACB853281592945810BE6D31F0F3A7DDFF7BC2522EA1'),(1456,'6471918AFF6C7DA4445A2E625A0D325F9769D2353C581CFEEADFC7514CD3B46F'),(166,'64902E9127D99E2DE4D19E2B5B3A3EB1F4729197C194E5F70421E2C6FAE4719C'),(908,'64922CBA669110F4C35090315D2BB7D5C543395E88B1785ABBF9E7A5ED7DDEF3'),(1982,'649C1A8124DC12A5CCEC9534EDD40A42727E14E68945B8A4CA2F1F34B50B6071'),(1234,'649EC2D39737F4F72DB9FA1C900EB221F618F6C9483B97AADB3373B7BE5C14E9'),(1555,'64BCBEA4599F687DE7BE886FE44ADDB9F3B1A49A74536774E61630FDA9ACE1B2'),(180,'6504D4C3BFF16B68AB0C9D0FE7182B546A79C91B266C36153C0B4CA82EDA3959'),(1880,'65591C1A890583B04DACC5F76D2E4ED85D0FD01163FE21BC08A208C736E4C06C'),(170,'658170199ED67A04B2E2D7ECD3952AD7F2566FF37758F581D7F8C683B0750827'),(401,'65953365C056ABE59D2AD7B035BF847C4EAE1E0520EC22E098FBBE7B9BEC8DC3'),(1890,'659CA838982A615EE11E01551141914A33BAAB7E5EF11789E7853BBDCD54D0E4'),(960,'65A400E33096D82D1BC50F0EE60D474CF40F7E2EEE7B997A5CA5E2B6A9234BD8'),(328,'65C67D40B715F7CC765BC2221A7106A82A1FFE328FC167C6822D4A81B88FDD25'),(129,'65CBF90EBA004DF2654EE96323CE8840C9D294FE95FCA3FD40ABE3646FB8BFD9'),(693,'65D425041AF30113F816774A89CA464DA623DC6A8EEB0D8633B68AA18A8AF3D8'),(1529,'6602C6E11F283A001A4A15244F37890D9A7DFA31560121A97E2297D6376E802E'),(1424,'660A8192D45409706486D0F9FBE1E9DA2FA898CE02B84CEEF86E066148324462'),(1593,'662FA8BE688A4F9ABBF87B0A0368B3D6DF4020723D5A3A5DDCFDF1E92931BB06'),(546,'665C2DF28B415B0FFE0ACDA37DBF709C18A418A31823F5E41E1EDDE90101A963'),(1578,'666920CF00A87F1680A61118C6844536DFD16D8D23FCBCC841ABC759D9B07206'),(1384,'669459689DC1DCD782D83744AEA3AC32B1232E03EB98134E153BD8B200F60743'),(990,'66F6E594CBAE3AB6E5AFD0074B16D9DE5E0FD06421E07CCA26701F96ED5230E9'),(738,'67137FD235DC24B9AB8588C6D219600282D19902217B72260CA521CF3B548501'),(1415,'67142F8624F8BD818D81C4A461AADE790ED1D6AAE34E2637EAFDF4A40F6035C2'),(1004,'673F1D3BD8159F79BB5ED9DF177C9CC0D64496F8455D4B1AB0F623881BA7551C'),(1594,'67C5654F3DDB7E999E7EF017BECB5DEE76F4C943C74B58B30B3D0649081FA2B7'),(1550,'67FD0CBC8B9BFF1F4B46C1B6EE5F9E47E97033D5E1B15F0AAFBE3E4535546978'),(1127,'68382CB98ACB7B5BAF5018079CE77C2187D6F623BF443F676D31E668DC913E5B'),(1564,'68722BB39E8886AD2AF917B87F57E6DD8A7E45131BC6BDCFBAEBCA5DCC9F63B1'),(672,'68AF1082B14033C2ED302ADD53C442154E4BB9271D1383ECA0D2642347E0428D'),(1731,'68BB1C72A11F01BAD768D00955ECFA7434FB794A84B74057B2F734BAB6D39CD0'),(844,'68D067620C9CD5CC3F4A88AF92A04B2AFEF8AE71CD9395393F684D4AE3521DAE'),(933,'68F1AD4F2E448C08FD3D2C96465DF7DE8E2A1CB9931A5139A40313FFFD444EC9'),(678,'69066BBA894BAB0D90AE2C3A92615912A2512BDE3ECEB6E86637BF863690D102'),(1414,'695A7D5C4AFBA5AD8DC7EA7437BEBC3CB4B93E32324315B20A08FE3AC40847BA'),(756,'697FFBDAC9CE7F4BDDC496CF90FEA5E81F9CAAEEA3C6F7F7B91A065FFEE2AE97'),(881,'69ABC6BD4758A93F18E1119919A6781B5FE6A6BADD8E6F88F4CF1AE50709CB92'),(758,'69BB7A4698DEC617739AEEE23260AC34EB3B6F62E8E13EFDCCFCE736297F0072'),(588,'69D3759CB563295022AE254F08D9D31D1E4190CEB846683C8449876B2C1CC4ED'),(1479,'69F3C114F2C036BC404BAB19F39E8E7364EEA5EB6D9D11F4369D616D394FC85E'),(562,'69FDC740D73690D9B9BE8FF87DCC2C080E19B35B80E7BCBD706F8A212FD8089C'),(1025,'6A3EFB1B992201956A84AA056636B367C8192C95F70E8D6971343021F7BB0D7C'),(1286,'6A49167E5E70CF6EC5D33064F4877CF6AA545D242A5A0520E644D8379A26A03E'),(1813,'6A511C63E4EEC63E8D7BAD049F45ED5FCE3F198BF5785E02F02B19583FB76075'),(1339,'6A6D4D37B994516D504B3DD6E96F7D35D0DF46F44725024E96AF7A0F41C05732'),(1719,'6A7517FB574582EBF475A4AECA2E9C610959458489D6FC290ABC89D3830FB429'),(1259,'6A78B10256271520CAAF757F30C67509AC85B76D8CFAB0F18B0BDDA34D4B93FB'),(1831,'6A986A2E779158373C7D7EC92C0C9B49C207C1C2FBA2B8A893B37EC37E43FF04'),(1641,'6B0364D18A4ABEFDFD56DC6A6340D5FE79D39EF609208D1EF65C0F90A1285618'),(1515,'6B0E7CF853C6219C5BD303B89FCA5CDE6569F4A08FDD951BE1094931865B14FA'),(1865,'6B141FDEB5369295BF615BB812383F4D4B049503C0A5E5DCD79018CE1DB6365D'),(421,'6B4C438136D34A0493F7814DA158B7EFD26EE6AFBA0B0680603447932369C543'),(1913,'6BBF70DCA4FAE29CCB543B99221385FABC14280B612A96007AE30C508E36DD81'),(755,'6BD66AA2AA1154BA7EB63CE91ACFBFBF5FB2278EFB081584E01EFD763C759632'),(1766,'6C054F9D2D2ADF5707ABCAFA27F34354E9A4B8BF47B0B91BDE7107FC5CFC6271'),(1396,'6C140313D2FB38ADC2EF7254DD1EC2F4EF386C9865B9FFB78ACBB5EB4E4D8A71'),(339,'6C17A1E80B685E657258281B742294A2B620A710ABE79CEC3E1DA734F40A49C1'),(1895,'6C32D64B8A3177EF460E98C48D7FFB4EAC2974126B4ECABBCE6566DF8B51EBB1'),(714,'6C394FCC523FACAEF4C69513770046655E3A9A57DF478CA783E0BC99697CC787'),(16,'6C6C3714D04397F78E6CA1E5878BD18EE8B23AE0AFCC38D468A29752FFCDC5C8'),(40,'6C9B446CE18B49ABFDC096B01E82496D40998A92A0EC2567F002D80A46753400'),(778,'6C9E0057B079938097B8E2164F6FC03AC347B4587F9F2852E2563E28187325ED'),(1931,'6CB709C956D8BE29FBC405CA65F6AA0CDFAC95728983D0E15307B1661B63B748'),(528,'6CF778FA3701540C00A74BD1F486297B877073B2B84BC3E63A79774531774674'),(877,'6D20CE53D09E8726FA90BF6A24BA4669A12FDC734E5B85734544A3B7D69F5965'),(1327,'6D81764E508676F9962B748A773DA64BF610F4D6B160AFF7F962B78A1A1C6CD3'),(41,'6E0F0AD5B36B843EDF71FCD1A54DA3F7A9585FFC46481B651D0F6150569C4BBD'),(1941,'6E1C31C489BAA014AEDE0C93A05B9851673A767E8F918481F2586A7CE900033B'),(438,'6E1D8EBEAE42DD8F25352EE7B4512388EC3E0450B033467F2D735FF1AEB8D1FA'),(253,'6E356EDEF037612BB8E6657C00752AFB28A9D6092328A7BD2EF6DD1F6F541FCA'),(1441,'6E5B329BA5A39A453F689033EE26844233A91A7A43E9A21A5687DCA0DCE237FF'),(725,'6E836E6B9AB7AF4A9FAF05E4A7729C7FC66E3FFE63890FBF52A4DA2A70C91BAF'),(912,'6E85CD9F522AA0BAA68CB386B1939405FADC8E25A4E0A091A02E22383AB4CC0B'),(646,'6E8618F39AE94CBE7FA4485663C75D4941855AA510EF05A4B9FD460952E22D48'),(175,'6E9FAE051513CB8BAC690FF0D010DB61C33120420752B9ED209984DF8BB11758'),(358,'6EB64CAB8EEA1340F4795D5F9BF49101EF8599787596F2C8765AC01DD2938D4B'),(534,'6EBF12AED4FE31ABD0B7BDC4FD7B5516797B4BC3C03267A13FD1BD1E102D29F8'),(135,'6ECEF74562B28042EBD45CD4DFD394DDE2759A4E2D4630B6AEAB208CEF66333F'),(706,'6ED82B349D9D93DF5A0EF5BBD7F9C0CD97534EF63A040212BB686B20D6DFB685'),(34,'6EE94E36D66EBD890A87FCB996F70DDA86F541398407962E18844BEF0355DD7F'),(750,'6EF39787FD0CDA7C39AEB557D575276433D8AF8880DA5BF2F498336FA23CE872'),(820,'6F1BDF1AC42484CC51603822FD4E0AEEAD1A48111B7DD876E0B082AFAB1C493B'),(1153,'6F1E8A8CC03D765781CB8796E97302DBC82B05DC52EAA024E6B9D7B7CB1AAFA0'),(1380,'6F43AF53BE0B7B09FA2CBCE8025B9961BB845691B104AF43049105E4C45B33BA'),(1306,'6F5720C72BD3369E142D160C3D01C161EA93D34618A26A8D5C8FAE2F06D04941'),(650,'6F8EEE70F04B5E693725D0B35DE4F4E5B736ADE2002A76346B36896F85853151'),(592,'6FBF0A71B8A9DAB5E8236B0D343A2ACEB9A465920E2B293DB595AA930BE4DA9D'),(1773,'70090C0E9F77E52077C3D1293BB7EE17387A25E02E967A83D2831CDC8F91164B'),(661,'7038EC5A6B360C9C5F09B580575148EEC71E837AC48D9AF5FDD0CE7941EE92E1'),(853,'7052D81986795C1CBBD41B78D6A7304D80E5E8DDA29EFE511FCDEA7AAE6BDEC5'),(1950,'70640D205900C17A8ECD907F18EBA4990D9706F9BE7F042344EC132195C0022C'),(1939,'70917EBD189CFF0F0684B0D2498EC16785D279C83E16ECF0C0657377FF04EB66'),(32,'712EB320FD722D3692053152CAF4B07039E3B9A984F539C8FB0FFA987AA2FAE4'),(668,'71788A04D958DFBD23C1248EAAFF97C639F5B17420F29F0AA711299BAA85ACBA'),(1747,'717933BBC32AB94F0C3D2098E31002C1563C6A403FA02DEA5A67B1E58E3BB980'),(1788,'71B3BEDB84A02331435A4272FDD8C974947272B3792EB9DA2384CE8F12326379'),(1196,'71BF7BE8C6266AB3F9229492B27983DB6702785C03B64F956CA10A19AFE06D2B'),(705,'71D70EB00A2005B7D3AE4E7ABB3EDA1751E5ED09FBAC22A08313E8D781DB42BB'),(106,'720062B88574A8B89D3B9328678942E53896827B8B4C467366FD952CBDCC446A'),(1300,'72115BDA80673487A641AC182D0DB919CE981FF115877B2A02C798EF3446A065'),(1487,'723744A4049DDFDF5E4D20C4ED2B8E5938D092932DF27DC08D8385A1F0C51A25'),(432,'723F136040E919FFDFB9F5EDEE26B3DFB9150FB568167992B10D92C572C1AF2A'),(1616,'7257A89327A595D0840CEDEBEF41FFCB322157C1F841BBB841565C2633A9B92B'),(1448,'72EE3DD2352329A590D33E78D8A806F9DEE5914FCE5299CB1EB69DF3AE13BD6F'),(37,'72F1607F0AFFB1FB62D8008E3B4308F30ACE165DF1BD15D15197C02D3A2FE6C3'),(1973,'7307B14F911F11A204587DFE5C11AE22E9C1DDF1DC73BFBA1B8F6650C5398130'),(624,'734920D27D0EC2F4498A50FCD5C55BADD3A0D22214FFB2DC4989D291CA463E30'),(1519,'73AA486FEC71675E1268600A697051078443A707AB106BA752E220E4C1E73133'),(1648,'73FDEDDD403ED54CEE129CFFF75CB90BB9AF12F857D167225ED2F877464F0487'),(1907,'740C25FFD044EC4CAE4B582F758CE4496C4C21D3C5A7C20B16F1CA7B6375EC8C'),(1547,'7475F69FC8EF4979D8C51B899F9BB337D09C12C97DD080B4417D1AE1D47D52A9'),(905,'747FE8A18D456C3168CA21806B81083FF7CE5CCF5E612B1214B7A5B6A6B10C40'),(1522,'74BC1045971B1622971F51F6C43813B7098C4F75EE748400AD98B1B68C7B2D50'),(345,'74C3E6685C66975F2EF4CB2708F54ECBC5152FDFB007D43EFA7D1831D9151D66'),(374,'74CEBDB7847B4E450A90BBB439AF9964AF612AC8BA09CC572D472AAE75C14FF7'),(629,'74D5BF569DEE19B970EC8B3D2D20498623510915CA921CBD35701F0C48791872'),(983,'74FEEEBC23B4238F8D37E9015F63CAC0A6E767549C84587791AE04A5AF6FC681'),(137,'75012351E796CCE37EC2A239F953ABF506B6D6F306B3D4E9D8A90CC45B6F7D9D'),(1128,'753D0B88B6877A47EB77CB8B4D12E1181473335DB6EECF5AD0C85A178A3762F0'),(628,'754357425525005CC78063FF6B020841B9B4CCDD7CA8A4CF1ECCCC461436BD2E'),(1192,'75535F04ACAB01F204E1D4C2DEF7272047F8DC433BB42057EBC4DF0455CBDBCA'),(731,'75934B6A05C48063FB67DAC8C88D37169C3F6F0CB23CB5347C995B663469CDF2'),(573,'75C4DC0EDDAB2657F84C60EBA8E7FECD8B60FB7288CB466803E9F939D05EBC5F'),(1673,'75C8C174AC0065B8AC295182552DD0CDBB1D3E6FD00E3DC84D3826BC6005D636'),(227,'75D796E1A78CED908507AE67C8943B4DFFDC0F4B53329F05F49CECF62AD5827D'),(1464,'7612A5325C21FD412BC2AB090D4BFD65E3200E4D6FCC2CDEB9CD0DB620484708'),(1972,'761F66BD932FDEE975DD4AF7E5926BE48A3805F79FDD44AA9B1457F7DDBB7389'),(99,'7636AE4FD89897C917F4C94EA2C2D3C5B7B7ED200A784AA76517DC993129F353'),(1794,'76C2559545BD5A66C44ECF0DCEC719FAD3080837B7CD2E997B0E72D1BF1B878C'),(1577,'76D52A782242314D764C6C7BA943E833A6D7F31DDC1062A761F314B0547BE60F'),(56,'76FC111BEBC5E4AF9316AD62A28D33C62D268853607C773B9CB5A2962A300AB2'),(458,'7700A2782BFB78345E6DC3B127104E0917894D939571DDC95DF6A6B8989C2127'),(863,'77194B53EF4D9636C583A5873462D5BC3191122CE2950AC38C6F44F5F8B43CF3'),(947,'771D6E9C31250885AFCED9B04C82B8A361B2ED5F8F13DCED05C38232F865E254'),(12,'772A077E63CD6E7120A57D12E9473692E03EA4F63A2A1B76F7FAD02609806D4A'),(742,'772E9F8AE09DB1CACA693AC1FE9D031AE576699B6DD6FD4B3394BBA8F758A60A'),(1275,'7749529A47A54EAB044D19F582239A7FDC0BB38CFD4D02826634EAF9362E0AB1'),(269,'778B4A85B555A54F2DAF7E247E12B71BCAB5D705686DAD18259CDE42BE97F1E2'),(1175,'77A5A09F2F3D127CE92DB4E2AF2A61D6771F597B8CAFFB5AF483FAC67FB98BED'),(1361,'77E0A3DF0A959BEFD359B95D31B35D46771775F7546043F4EB7A0B77306FDEB4'),(618,'77F99269936E8BF0704A5BA8169589B3A4F7C27BCC79764356ACD0A87E504A66'),(1702,'782E2401D5F86F7716186F6EED074BC4F4B5388C3D8B89D101BCB10D209C57FA'),(1007,'783292B703071482310A62A94B99276A00B8ADCBB2DA993DA33EF7CAB332D894'),(1852,'785D555B4F5BFB117FC07B161276DF80496C08DBDFECF966C9CE7EE2CC0F7829'),(973,'786A91DD7ADE10FEFF2E8D7E6E811A40AB2E8AA86BC76B35DDF77105F9D95CE4'),(1335,'78819D314979AAAAAA7AFD72B88EDB7BC9692356CAA0BF5B8B79631EBDCBDBCB'),(419,'789F2A775CDCA3636943D9400ABBFEB8F87CDEAFE24CA37787F53D57F6CD20F3'),(1976,'78AA2AC002D86F50ADD7572FB9C9C01E92D8FC5D0087D75A646D63011C690BF7'),(1509,'78B3027B1FACAF921E48C631C86878A6238ADC8751ED0D30CD272D72F5F3BFF3'),(574,'78C338C9DB144DA282A34161C7B4F14B69672CB0DE5FF95D72C28AD6D54B6B1E'),(1597,'78DF7F5231B41FF96467DA6CFEE8E9DEA8B9F508718A95DF05EF57629AB445EF'),(1602,'79057BBC31F1CAC7921C36EB5CDBEAD42D13D4F407FB7592B937AB6DF53F09A5'),(1105,'79296D2E35790C825537879C9EEE45B31AD116F834569422853F51ADC15878D7'),(832,'79CE0A6C068DBD6040B8E0F73CE6639A2C8C5F7B6C111CB102E67046FB5B3545'),(781,'7A134D805D0DE72BD9A6B5BDC7962661940EF8B6247F8EFCC99BA100883041F5'),(1474,'7A1ABD0A8FA4C9D7C2434E242FD5F20DD1C2D8F9A2E0FC888796443E567C3F4B'),(1833,'7A47E98F83CC5FA9E6208742738FEB8DA0E36D2E2E8DAC881976DC61712287D4'),(1733,'7A69452F42EE587352687264D0446ACB9A5BCDB8B2616FD96419107B73E3B8D7'),(381,'7A7044BA5D60FEC17F013ECF3B35402B67A698C5EFB434EB4A6254BB958EE1BB'),(158,'7A8112031A5C7BB3D646BF68D53453C63F9CFA12650985965C4FEEDD4D5913D2'),(1606,'7A974CC47A57CAC79DBD2C46E6B1BA4ABCA5CDD67EC7C388A8FB56EA37C2FD05'),(391,'7AA3188DC9CDCF88E0EAAC4A53E790BA996069C896049A5229C8660CF43A2ADC'),(996,'7AC03DF88B5BBD9933119F5B009D1254A9ACBD7E2A56F19CD7AC963A319376CD'),(469,'7AF36D25EB6F5C35DCA40A374CABD7E06FFEA3037D4566F410BF03DBB3C50678'),(114,'7AFBFC7B5F96574C5F20C3B5FAF1066C1EDB4E51B4B935334202EC99F6C79333'),(651,'7B32DC78D12471E70D735D40262048063D8B760B4E6083BAC3F84B2BCD72AE0B'),(1423,'7B45143AD733ABACFB4B4A0BE22FA967267DABEB619AB53F0FCEBD6FF31F3C3E'),(1638,'7B67AD80B0D141AE48EAF464C8F03E8445CD3719553F3380716B7C410E3D813D'),(1199,'7B857256134FF735C9EAC56330D2B971A615A4AADDCA04CFE3EB7F73FCDDE784'),(797,'7B9D705FE65AE02EA5D456B57559962A0690946654459A9BEED6F078A59F4044'),(1035,'7BD69B09B685FF6D6EFB6934A2B79B6C6AEE50DA150B42442AD8DA4D3BA6A468'),(541,'7BF627593F5FD9D50CF474801D693E95C9AFBDC472D2853EED88BFBEF0BFCFB4'),(1310,'7C0F34A76D6D86822ABCF2334BA98965DAD1CFC89E8907D24BAF55982E5922AA'),(1626,'7C348F5C18B240D8F6E3780305EA7E54A5471752A4367058C0D63A396787F1FD'),(1387,'7C7B214865CA23BA1B6A44230C11ACDE725822A29CDB95223AA87B1FA4793C3B'),(1812,'7CA55B0C6060CEB2F8A23CB784847D485FA859C186B2270F2E0667C13730D928'),(1350,'7CA78C6C5385DD77F3B8257D53F7A755D59C331E888ADC4A45C9AD4291BA4381'),(59,'7CE6ACBB78E6A7C9128032182442CE10F8C0C483AA807D07D474C91CBD900AC7'),(759,'7D0C3D324EF2D1DE58D66952608085332D024854C2B3831D00B8489306BDB383'),(1341,'7D149C69E01B24D8C2F56A079A3245091AF7C412A6B0CD824BF372A7EC18C106'),(1394,'7D1A354F05563BAB1E63720D9F8112B07C9990BE00646C96C4678C0923D5DF9A'),(407,'7D237811C6F5F98D06A86F1D8FBACAF80EE38141D9F9A36986BF7669D498825E'),(1346,'7D67E7E7528415F58D6DED00C4DD5FDDDE73CE0C8A30F57D53FDF85762EF7845'),(318,'7D84188EA1340036D894011FB73F1C14973AE2E75A758C3B0D307F12AB8D3A8A'),(1592,'7D9F3B6729EB3A27676A9C291CFAD12E465C0A1806CD3BCFEBC2206EF451F45C'),(1096,'7DA59992AB84A3D41FF06A6ED4443B66D0ACFC6208FE15BD60940797FD49135A'),(1742,'7DCCBF8F428AC08ED490C34AEB8F01ED944D60FD7FC0D396EAA1689B83364101'),(1613,'7E02C54EEAE77B82058955CB2EF61E204535A72F5635E4D7ED1E8969F564BAFD'),(1068,'7E3C45E719845B9B58B592FC8A32D7E2DC840729D62EBD149DDC181DF1883463'),(144,'7E7C39CECB559B329D1F3EA581EA8BBA60E5E2816E7388FD2B4EE80E37A4353E'),(1635,'7E7E32C3A9AE36C050537656755BAC933D7AF1CBB8FEB691DA6C0101AF45FE19'),(1620,'7E8EC504B439DF63EA56D59EBAE78DE5F66D1097B2D94888ED1551C80F1D8003'),(1951,'7EAF69AFEE0301C52E4684111955255CAD2703DEF8AFDCDE66E900EFA261984B'),(1668,'7EAF6AC0C2B6F080B7DE7D463E8BF019AA94558CB05BBA724377C5CFE8155C8C'),(499,'7EEA23ABB5A0C00967484FCEC13812C336EA72DAD862F1CE21A860F48DECD92E'),(1265,'7F090713752936A29E983634E89D0E9949FD1FF959F11C9D66182B8E96EBFE04'),(324,'7F160ECE70C5A8B9FF3C1A9077CE59160BD5043E3033FF0FD7EC7AD1D18F5A09'),(1197,'7F4D0A58BC8AD847A4FF5DE8AAAC1131B0F2E8C64BCBF6302BED31E04441CFCB'),(440,'7F6225E86DC4908D4DE80374EB598AD535A4D4D5513A96B4742505FF63096DB5'),(1893,'7F748862B72E5C9C056AD1322F99D0A378CC14439C7FCA82BBA8781B1958E7D3'),(465,'7F9C4B50C838085A3DE3AF39073211365258DD18DF93DA4AC983338D45CCBA92'),(722,'7FD197A3195F60B87727F0D65580BC2CE89997E45870921C9906FE2ADD4CE38F'),(1050,'8003CD1D60DA7389492C01F93C6AFD3D72766D32B1F60A4297F6413DEBE80C1D'),(1255,'8040101A931ECACB754252318219C853E86B3091C21910C96B14E72861A0FDF8'),(1446,'804A7F55B99C78EF3E026B7B1687484BDA59F8119E72B878A7FEA393D052CF24'),(522,'80522D9910977375EEC79F308FB403BC0B30D5D8633202296487715B0B757390'),(788,'8081F8979EA8A5780F2E8C50C5331BF24169508F09ACB654AACEE861745BF991'),(1408,'80B1CB18CF80512B9CE2748350B0187BBE26F8A2977DB060C2ECF43CB726F633'),(134,'80B335EDF9EFC93F4ADEE2E8695E14AD3C80E237D821DC5161EB13C1C450AF9A'),(663,'80C55B6FE7720058BE52786F0D35C2D32C8976EE2DD905482F2DEAEBECEBBFDC'),(681,'810441EED805EAAD855D60C0D090287F779C9CD888DCC535FCE41B6DEE510CFE'),(343,'811C23A9542C259C59EBC449882BCA08FBF476D7B81CA9D2916EE8609E166620'),(152,'8128E96E116FFD8AA1E73A999E937FACBC6D162AD0CE4B186B1B656622E11BA6'),(1699,'812C6A72B6B013E07A250C3D7F89B0FB0518EDB14A0C8340B2DAE5C6A9EF02D5'),(338,'8137CC34BF190FA5FD91A35CE10A242B77394C52FD1CB37FD66E2F0F32D0E68B'),(1084,'8163BDF3142D1EEC57B8008DDF467219180218944A047F875D918CB9CC5605CE'),(1071,'81D218043898E9F73B37498B3BC18720A17041E03C2A99D6F305713B23E43E3A'),(1502,'81D6C7BD0EC8B936EF479EDDF6F552B3089BE3D2223EADB690E1416FD9CD10CC'),(806,'81FF0134A68A5000EE6E04E9994595784529F016DD53BF39001CE1CCB9CB1550'),(1687,'823817DF89785B16F36F3A1CF495C6CC7FAD2108E63D5CD6923943E514806435'),(296,'826FD2E0F5E4C4574101F27E17BD105E4F0B8FBAB69F327F8C076977B496F622'),(54,'828331DF74AB421264F69D88DE666D207516CFC0C92877227586C5AFB95620C3'),(814,'82A3CB37A5A061B3A0E26D304111B3BE14CB3DBB3A98A3AE8CB5D6B229E1F92E'),(751,'82F8BFABA5684D7DF0954538A0095F15B73332ACB0F26C3BE1D2663802E2FEB8'),(188,'83141F8C409E1E5D2485686F22304BE782262D92ECD215290A3A1EC50A85955F'),(1823,'843138F854B660CF933E3697D5F0F6CC431B274EC234307D198724E24A95C5A9'),(314,'84914ABFBDC4796C1309F7FB74A7686816BDCCD639C390449373E06D75D8D04D'),(1279,'84FD2626B63191274A62172920EA2999C4A08F3E615243E4CC11735005BB830D'),(1381,'850B1BECC7F580EB1887C2CF60EEB0509C5C0E2BEC8FE719DC93DCBE872AA8BF'),(1486,'853217A6E29DFE73B200B76DAFD34733C9F4837DD3349878E26DF586E21982BD'),(1213,'853AAA23215993EB372801A30F665FCE0E9902135036E3860CE9AA4E9FE10C94'),(717,'8585EC83B1848886DCDDC37665A6A0F5482CD1EF08B1934B3A361BC994AE2CAE'),(120,'8596982A2BAF604D52C5C79305ACCD3ABB3BDE90E43BD9D6E15CC3568ED18E68'),(1217,'859FEE746663D19640E76FA77AA87D0012C6A85E5CD11034B3398A81181605B5'),(61,'862223C4FE716169039C3CBD5F5672A8FC9BA87178D7150FD7ED46D26673FE89'),(1221,'862755E900EB98D0E324757CA07BA6C723CF4E4A280ED17D7A98F93F8118DC21'),(736,'8640125C9C80678DE79BE881EF37D46AB8E885704511E5249A2B01D32A445D78'),(1883,'86556E7839D5D370BEC8568F331AA68B8BE2A3657797A88974958D7B5E868D85'),(1715,'866E66F8CE20ABFE421339EF0DE804AFF92D1646B2698CCC4E706F21233E7196'),(564,'86B0E4245E8BF27FFA72C779792F7C54A6F50CBC6A2BA8143DAE85CDED2F49CC'),(293,'86B14B2160693A457619B98726BD5F25214E516E978DFC952B913141DAF580B9'),(1126,'87206F8EA7836E09ACD340957D2BB19443CF0B7DFEC229A3EF9BECAE7625A139'),(1012,'87245011080547D1B66481DA1603E8751D42DB728B1825563A22AA9315CF0B07'),(611,'8729BFFB9CBAA9BDB4E2E1F6E7F03683A1D106835AC8142450A8B78DDC47FD47'),(961,'873414EA0BBBAF6DFB6B395B537A509879DCB355FD5BAA0DDC05855821439C9A'),(622,'873ED051E243974015D3624642EBCC1B41B426CCC4F84C94C414280A09DAFFA0'),(915,'8779F539170E618EB659675F4C62A188951033431A5882F6C988801E1A1835F3'),(483,'87842DF53246C6EBAF9625075B24961771FB50BBDA9C799DA3728C6AF3689857'),(1419,'87970C159108348E5E5406B036C913D3D17CA2E6318B17303CCAD093E702D725'),(1271,'87DE8E15199A6A3D0D64B2E1FA65E68E19BA8437960687261EC384EE12E21D4A'),(414,'880A12EE1C135BB0C78770F926F65F91419EC2CD56A9E04704720974657F6978'),(26,'8837E2758FBE18A74244E79747C02F749BF76421239696378E669244C52AA42A'),(1249,'885145F35714218B5A0E94EDBE4F9277BD5D418589CDF7BFD25013607254F0CC'),(1130,'88B5CEC39AC41A4A729E579F007EEA261BEA22123A56216B5F17161A2C4FF309'),(566,'88BF72A12A9E9AAB64683A00360EA4488D0A94B8DD6C2070103FD2FBDF86BA55'),(1348,'88D56097A9C8DF6F095FE7A568EA7D5AFE79B0EA430DAE1B5217158B3181290E'),(762,'88EFB17C542688AC66FF0572892AA68B33DF9631F4D1E0CC5B07CC187FB5FC25'),(1436,'88FCD8DF03AEDA589969631C8B3E3DE1F5F4862A770F1A4484DE4AD90F839A53'),(1579,'8936649DB109E157CC780DF521A9140657D8C4D11B31C33FA13EB99212A3A9F0'),(1375,'89A9C39A687505615298DFBD6223315769F446D7BB1C193DD816426890483A90'),(1123,'8A28B796E45F715254EE1C2F3E8F16CA17B43A3319EDDAC002199F4157B96944'),(675,'8A73F7AC302C82FD2F8EE5CF530E46FDD975374E63E9D8445C30EA78667F2771'),(1645,'8A8829E66FFA18E8D60CD6CF964A566FE607BA1DA4EE4F0356344A1B2D28EDD3'),(1200,'8A8CA038DC1671998B662244456B7FAE8C5CD7D7FF49C313D42F490589A6839C'),(593,'8B557E57CF28CA2A55D9DE3C2F45DEABFEABB9588C5296230FA48A8CE774503E'),(655,'8B8A13B0576BA745D5EDD81A16CAE3B26DB2386FE45E7ECDC4FA7C09E7FE30EB'),(572,'8BC6F1557801D29507728A76F57A2099F1F5A8B489FA57764CB56E57BE387E4E'),(1260,'8BCCC204949B44C4D51ECF635F4C9ECCE38AEE5C85EC19CF6C76D34BF57A469C'),(538,'8BE8C9AFCA21E8A069FD649E90B8016F103D49B47F00CD50C2149B45156D5E7F'),(514,'8BEC564C43DA6850D9DD81D93672E089F063948949FEC75A328762F9B176FD85'),(746,'8C15465BA61323E429E2A350A4ABB40980540274CFF2346259AB1936931824F8'),(857,'8C541B36C0A6992086D5260E43485D13E4D430F1124815EE31F8EF8D1C7A8C64'),(1927,'8C560251882F9EB450746F8D51821E657A45A7210415D02B07BDE3B1F80745C4'),(1439,'8C730B33CD0BD6717DB8BDB929F310B4D3946CE993E28E9515C8DB1A32F0FF87'),(1240,'8C9686DD32C028CE967FF5B10F6A4AF883748F67665422952E9DD92C10ED89B6'),(1772,'8D086CFCBAF85D59EFB8BE16CC98E7BF34A1619B0A64243B8CAD85DB40D76201'),(1041,'8D0B6234BFA1473575A7A460AE542A256742F865E53698311E555FD45A5D2A69'),(159,'8D592DD6CDE9B5C136F5A14B62F4349E8FBB11BFC9AECEF216F5671B9AF4E913'),(848,'8D8051C3DF33BFCCF2AFA4980BF903AEE75B23072AC1AC8570AA9B133E53112D'),(286,'8D857CBEC0A9730C13206ADE4612B03434EC709D6DA7E130C929AAF3752C9F70'),(1038,'8D8680FDCF747C5E382DE91C0BF38CE26E2BEE08EC1B1608F3DC7FCFF96A1B09'),(431,'8D8F3BEE1648A676B8E1394245C9A8CA97F1B69CC8412B2B2EA55BC87B05EDDA'),(843,'8D9E1EECDD8EC0CF9AAEB8BCDF4A25BB489E488E20FFD6E1A8CBF0C2DBB78393'),(1663,'8DA160B0F7C7A10295633BD619536BA59F8B2F0AEF1C2CCC2B4068D6D98428FD'),(430,'8DBCE80E06FAB3E1BFD53DF24A10ED6BB1809058C2805F7D87719D5E9F29DB18'),(284,'8DDD531F41509770DDCDD409948055D8F8A2CE056F52B4F56635A987973E0BCD'),(50,'8DDF32577DA4B2031503B8061C079C54FB5D853B01E143B9F71A3D305F4ABC87'),(493,'8DE2630A723DD3AF8748EABC5C5DF8CD336C39753AD94A57BBB5589D38E37293'),(1244,'8DE3E3B604B265947007B6EF93A9CF14345CD61C1EA9A0E3740455AD262555CF'),(1957,'8E0BAE5786B2BDAF4D4FD4B8F6780D1B56624C25B12049D2F4792C73F2ABD901'),(1755,'8E2EE34F9BFDE460655D911E5648B9620A54316F912D86CED69A784282AA8CFA'),(4,'8E4D5830FCB9045CAD68318A3680AE67ECE005413050B6E043FDE168007E56A0'),(1561,'8E4D5B8E78E90CFFB1BF5EB5DCD67462EDCA63655677DCBE2941B22A226F146F'),(769,'8E74EAE4F55BAB15514BB0302286B74E2652EF67EF7747635F86CA1D4A080005'),(233,'8E81BB46FE4C0298CC05519A4DE03A6F2241CEA7519774C3A99979FD66D3A17D'),(177,'8EB5B6E00BAC6D9E2B498C40149E83DF1305E764370ED41AA4827E94307FF3C3'),(30,'8EC428BDCCBDF0BA7A1A0DE05761E2AFAEA0BE45AACFBC140B6333811259C881'),(703,'8EDB72BF08A2C0E50E6A96C841B07F6764F93DCEFEA30FF8B911E8BACBCCAA35'),(103,'8EF57811FE26883C53B6815CB02A01D5DB60053EA8AA3DFDD67CC0E572C67CC2'),(654,'8F012FB539B05FD2763444BE6DAB96A92A3574501B68BF8ED765F09BD8F0CFFA'),(1430,'8F0E13ED5772F408A2745AD44F5F5AF38370F33829E2FE1407FA8DD5C9758FFE'),(1624,'8F4A462873F12132338DCD49FED01539E040C67E905866258DC8B854A9CEAF90'),(218,'8FB5C63D135DCAF1B5922668EFA5B9A4B6290C6CD7A0C6FD89CA0FF80E32C6ED'),(1246,'8FE22F8108E91EA2F37A86454D0DABAE5AE89631E8900B582454C80425EDE0D2'),(1124,'9021373EDB4BA0D947F161A077596BA2B063A5B5261450856C3989E54A67A204'),(461,'9043E1FB1489D9A17EE4F2F986D9E94DA65916F64FBFBAF2307F1B48075EB541'),(812,'906725B36D5D5113D6EF7D2E326B16F8171679F2EB86DEBE43D28ABE8B71BDC7'),(1527,'90C55F6F5DFCA1E81AE7A872DB7CBF61859FC71F86BDD899DF35E4D22DC308C9'),(623,'90E966FE46764CD050733195B385727872EAF0E2D9C0755B60DD3AF8A545CA1A'),(1064,'91334953F8E760EEB82E981F9D1C1296BCBF6EC5994DB7736420944EAB342F80'),(390,'91665C83B7D7643BC7E684BE40D2C2D434121FE7A76246A0958EFDAB2373FAE4'),(1003,'917E1374348BF6C73926283941375B20DE0A9E115EBA776A122AE4109E400D84'),(331,'919C93A898D1D9FAD437B2E8F5A74D036521AE3EFFE6B2C91ABE086EDB3DF44E'),(1359,'91A22C0F3B8AB59593DC4D4497A0A009F127F6BA87401237E1916325A5AB9130'),(602,'91E076640629C1B76DF946E9DCE9F4A27BFF044CCF918A90877CBF8F2CF2FC33'),(433,'91EF03F4D4C3F4C300C542F70FA716A9B361667EAC717FF971FBCA34361058A7'),(695,'92026B5195CD790CB4AD3EC0F2D6428E79F56B4F0DA016EF3DD4B5E10F12F0A4'),(1814,'9214482A8EC51787C5A357952AD9FA0DC183A1AAFC28A2D17F2193A3070A6B72'),(1589,'92265029FEF9E1B2F34A67DAA4D5FDDFB21523CFF9EC15356AD27E7C846075C8'),(846,'92297F10700082F2CBF1698F24A6DEF73E7BB295469F21D48294865E3A07188D'),(1923,'92383E53B177C1FD219C93ECA68D4CAFF9BB660E30E981BBA58ABD1BF11E393A'),(87,'9255C99F6E39F0FF255D01B11DB2C55577D0A2FC979E7EF513490D3C6265FD7F'),(892,'92905DF92D0F82ADD9D2F7F7C97F99B83A1ECD576BDAEA7EE1661247E68E3347'),(917,'92A640EA7DD47C3F35F103B872204FF22ED51C85625EBB20EB4F7DDABBB43AC7'),(1403,'92BDED645526B73DF0030C076004A9FE3A569802B511265607F622F9C74A73E0'),(420,'92C06AB1B8496FC97A5FE5C14402F3AD94C41EBC8958C84E39B3F9A3B0BF33C3'),(366,'9313D7697EE25A633AB8898ABFE8A5C8CA87EBECD3EE485A5B5E8B62188CC740'),(1202,'9329CBCB3132BDBA4B9DED5A347C0C0147940EB81264C8EEB88181E399FA83DD'),(819,'9371EF68B38B1DDBA149752D4BF155747AE471AE784F2AD98449D1AD4905C599'),(1290,'9394243AEBE6952134488E1B729E604CB2B98CD9C2B8FDA4D9717587A135B98F'),(292,'939C9FD6EA835E9C7B43101CD29BE594591C003060D944833F943D42B49BE63A'),(479,'93B5FE6A85226369D04B8C3F8546DD26519777D1EDD70AD6FEBAC55F8CC496FF'),(1021,'93BF59F24B46CCB9B7608A3DE5E4CD98A52B569E6981BCBEB3385DE42A4B9A94'),(92,'93E3C42B142262C2E7CAD8CC689844EA38CFEA9CAF0800BC8C384FBE82C648C8'),(1952,'93F304CC1F731EAC1C34CFCF07534A92A5A164645FD0DDA2827288EA5723B77E'),(594,'93F7ACFF49DDA00090110F592F63BA38B58159750C383663E93B3755B5B56223'),(280,'942CCBF0EB95BD319188832D4D7AF0CA94E31AA94948C2A795C93EC3FC70312E'),(1659,'944C80EDA086BBB16AFEE12548BDFC6660D084A82211DFA60376B16547FCF2B7'),(730,'94696892AF76FDDB1E1450FA4F89D1823D07C78B1693092AE77DE001F86F7C1E'),(102,'94A19B3954878D928E198D1C2B129C4E2C8ED14D2092A5CC9EE832CF13114DC2'),(1792,'94C493488EAA2B55DC3C5D8D3E1D00EE63E9EFBCE041D83F57EA1924F4A75081'),(1363,'94E0A3391D49BE8F4D001BD4803E9FC7965F449C503A7A79583A2C4CCFF2400B'),(1110,'94E27F8947D2056D68DA6E55C505378091958785D43677EE0F026FDC06E1F2A2'),(1465,'94F0B144EA64F432DFD556BC2C34D2F7E1DC09E9468B25344ED84C16598CFD4E'),(1720,'950F52764EAB83C767A081C0D90076E4C9DCB8BA20FB4406D8F7E7C7B2B34EC1'),(645,'953CF3622DF7875A0C8A4D93A6485EE68937D57CD29E96499418D581A956AF66'),(1820,'954CF78E52FF279690253F248F08A578951EBBA38E410252DC72FAA5D74E0DB1'),(1958,'95597236CAAE77C71B840C292A6CDC3890E7F60E90F30D08688D36B559F304FF'),(1368,'95694DA9702B899C97EF9F20B059DA6F377C8EF869B4EE8A3E20CCA05049D2C5'),(550,'958E3DCE8AD36E4607D1B7F19A7284BE788BEF7035657DD8EF9F2E4ADF40213D'),(810,'95AC6578AC021E897202A07D66AAF56F1B5FC1A22DE0076ADBFEE9EF7A22F5D1'),(536,'95AF3DBFFAC43A6278F199DA3CA109A791FEB7F28A3F2992E75E80064902C8BD'),(1322,'95E836ABC7B8070500AE8CAA66535FAFAD82FEE647F10D147CA5412726DF99B8'),(23,'95F228B4EE2C4C55E0DF3B20BFF04D7E4F0D6BF32624C9DF54B3FCE4136C4BEF'),(1148,'965C8415E2A964E83BE56F70A19EC6BD8E365F717353C873F74B68854F0AC9CA'),(1291,'9669B34BD80D5D4D30040F8E465978F465A35E393497F8D3091E5E69091EE0AD'),(408,'9672669C7D0B04A85E20F85EBA383479B5D4250D2AD3F2F1434ACD3BD1896B44'),(335,'96924C96605B3A391C110BBEFC4479849DB5E6B8117A169F642C19CE4778ABAC'),(260,'9697AF0D0F5E2B5C418D9FBD1EC6653ECEF672593C9E3BAAEF158C1E9221A055'),(1857,'96A55D93DF13D5ABAEFB91E85F9F8B48332368CC5068B22723B34D8CD0144042'),(916,'96AD34536E546C710D17C17EE1CD1E980F49C8D09629919293D8CB9FED971FAE'),(763,'96BB6FFD350242B3E15A491690DCF1123E11E5BBA1E3ECD4C7E4154287EC971F'),(803,'96BD58D0484285FB7A814498E023462ED1C7551DC478536D020E4659767F8DEC'),(913,'96EA31CE185F253976F983810ED231CAE7D51EE674BB4EFFC8CAA3F6BA5951DC'),(995,'972C3D0FE832CB943E8868D4EB8818727FB5A51BCF9CF286270864195FE56CBA'),(1815,'977898D677CA2839A3B89E05DED8D3666B3FA99A446486E5CCBC3D62C722F6A4'),(1722,'977FDE83057AF6BCA54D740AEE5F2BCD532BADA3F036FC6B3C2BDE8BF687E8F2'),(825,'979B1F2BE93FED31D2127A28800487D18E5A968A978A93C30F8E8848CAF646A3'),(1186,'979C8EB82F8F93E7FFC91C346C7B9EFF4D50D578CB964A8CC461F86B166FD705'),(1187,'97B1FB26F70864E5CD42682111A2E3E582636CD4AB1752BB1F6CB0FD41EBB71F'),(231,'97E105EBC32B6454152E5DFFAE7E812D588DD5250DDE58186C4AD7DB12EF577E'),(518,'97EDDF30FA2E679EAFEFE83BB822AE1BF70795E0655D019047B7A7E29C9360D3'),(1662,'97F696E5DCB82F7727F9C9AA8A1CC7CE1F6B4294938307D4706B0F2C0FB1D75C'),(1159,'9840B809A711A895CBF1C107AAB3E63D00E2FABE58554EEFADB70407FA5EB919'),(468,'9862DDD65E21386A825ECF92B42F161C37BFEE17C038041FD71BC50104C334BE'),(1453,'98A485748E87951D8204C3A1A9FA94050C4EB84E84ED6E0399EB787E3B8CACA0'),(571,'9935018531AC90B6832065CD156D0403B58D0C530B293C2677F77C0F09392490'),(1534,'99352C64CF349199F894721A0F1E0F9DFED818F3BF015B9C5EEE8326EA9A8E0A'),(991,'996A868E6BFCD72073F771582FFE38ACDA0731C57D26B4DC8F8C4052C1F8E9DA'),(926,'99AE85CC120284A7B298C3413C283889854EBAEB75E309A7D10146956C9A90A4'),(417,'99D9B1ABDB6A65067EC3681595665A2F3AD962B82FFA21B8ED9EC1F28A4D4809'),(1243,'99EC5DA20B45209673734122703B42655CE457BC772AD0C2C18396C9EA37CB12'),(1209,'9A218D19A908C239C927AF7AA4C3EDA1C3B616CD2C7434682B86BE7C88D86870'),(955,'9A2259098CFCDEF885C44805321B9B7814D7287A00C6D3DD7A24318DECF66250'),(619,'9A2DD1AFF14DC4CBFF5229C8F022302857C93EF0E253262B74D114F30E8931A7'),(1821,'9A3737AE3C4378C50DEEDE80D2F59D97971C031902570EF074634340E45E8DB1'),(387,'9A5CACA25D091F82B96E6C9B4933C42EC24ED8A8EC44661A1AB65350669ACE23'),(1571,'9B1A669BE7BB63BECC3C41CC859088B3027D5903836DFECF4780B47C3C3D2286'),(402,'9B50BFE828DCD38A5615DC5436C6836F1E0019C43B99321D9561446925358A42'),(130,'9B5C4F98F9AAC3176DAF3D712E37D489C9EDDD25E710CE016B1500B00168F926'),(969,'9C0D87611F1E27334816C9361ABD8FBCD912DD6BC37795D9CFB2913701906F9A'),(852,'9C2592F75358C199AB9ED64C9C5493BDB1FA4E922117827B12320819FD16BDBC'),(1533,'9C2D64BFD2AFFD7C8BF598DB8BA49136CFB85CD74D87CDD28B0D9D1CEBC72A5F'),(1178,'9C3DD831E5690488C167D7564A5CB540A596FB8852D0FFA110ACE1645ACE806F'),(1854,'9C4D44BC71DE7BCB0E7A81E333A2C2B85A15B4DB9208F25C331E729EE27972F9'),(1065,'9C6B54DA13D208B573E4492E5B246D0D1CAAA43A57E15B9A0B0C754B6813E926'),(300,'9C732A7459E3DAA7FE8F0219582F4BAA08A364AD1E499D643D495F049772C182'),(869,'9C7B4BD06A234A6DF268ED1A9B649A7862161423FD6B755DE29644F82FA9A7B0'),(1378,'9CBA91F6C65556BE050D7EEF0670382E5E317F2CAC889685065CFCC66E21F38D'),(1323,'9CDCF8E673C4E55A072670C785C221A4649FBDB40D8EDDBC6D589D184CA4DFBF'),(1208,'9CE831ABE329595127B1B9DD52B733B2E83013183C4C3D891702DF76D45AF0E8'),(191,'9CFE9958B8A2698602BBCC03CB3D2375A4F29D8C590D2E8ABA410BED0A456C21'),(1162,'9D146F92A7A5B232559D39FCE8EDDF31EF1A46D618883EBB930C4515F788E05A'),(216,'9D1B9FF7958631C16DFF539C7C64DBA616005E44C81CA883B39AF094C13E51B3'),(719,'9D2BD8EC5F32751EB35A0DAFF67F4FD69A7776F0AB312233E519EF7848021E8F'),(228,'9D35DDC8A004A9F4AA3EC53435BBF953612CA3A695E7074E368E6D281EE99417'),(266,'9D36E99AB5E1080DADE63E8C16054A041AC872F1F8DD3ADFCF1C4D977FD167B7'),(1642,'9D4730350800BD58210B44534C7A3F491B8A1BADCD6D2D414BE0574281902669'),(109,'9D4DFC7C11DBCBA28A315E70E96CC0FEC1FE8A32F642F1B05F2389634EE577A8'),(1751,'9D52E496180918FAAA21FBF244D8CF8B0559030D0740A97579B3B4FEB01564BE'),(1809,'9D67D4616748164B5DDA57B4AA5962919337BD5B7B1307414C8590DE9C9CB255'),(1484,'9D8548F07208BC5500C1DFCBD461B7ABE0560FC7E5474BC2C35805A3F850F4EE'),(477,'9DCD7CED9CD040F86ECC0100AB2C96E767346511AA1622909ABD4836E607B1BE'),(459,'9DD65C792315F90714D67C667690353285B4BBDAE19D48007B1C0CD028A44A58'),(1970,'9E0DC36374BE5B2A907CB5F7E9078388DB70054B4C770EFE427E5036210B4EE6'),(1899,'9E0EB1E91046E4CFDCCAAB2E9A7E6C2BAD337AE392BFF3B7CC3B6DBF60035405'),(201,'9E3954C8B078B9892DABF80F3035B391C1345423CF92CB48FE0726D4D59BD359'),(308,'9E49579523D0159A19E9DF92C7592966C985608DBC969D3D74DAD6327D43A041'),(1328,'9E755B70A20B0B08334539852182A9E26504C5B8C0EE63815966BDAD66FBE3C6'),(435,'9E76D40EF432C8F172B55F471565524F1AE3CE2805989765AD23D8B18EACEA77'),(692,'9E8471DCEB3C278454C4882535F7A23111756883CB831B1A4C03110FC089D5AF'),(146,'9EA3545D5EC03D41F9E786348D6121C7AD1B9DB88E37D596C72812C530B64A1A'),(1710,'9EBDD232CAC0D2C5D4C40A9B8FF8BCD76727693F73B6C9327FEE23B347236C21'),(261,'9EC36AB6A7031C9FD45973CA40ED05E24AF15F4B95887191DD34416029B11AD7'),(295,'9EF3AB47F4D31EA5524B53E0968E0B79C12717E1D6BAAB3FBE569207D258BC2E'),(116,'9EFFCD81E2D9F6DE825F9439025F35BE48E94B4A5BEDCE56681B4FC0AC35B2C2'),(176,'9F20F3A8597ED46363E955914A16978F01E1FF7CD70AB08AF9802FA4E6811633'),(1532,'9F322E58D7E4BFAB20541E625DB6795A266DDF03B443DF4FD72A4C34C5369A98'),(876,'9F8B5E3F2B3B66BF24F371BE8A0F6605917FEF3ECD315264B73B6CD72141EBB8'),(1401,'A005436F2BF990536C3677A9CB9C5A23091224E9C040826053EBFA56DFF1ED7E'),(670,'A01B2BD46886F1D8463ABF8F89271F8B6D442A0D1082AD98207C12F8D3F22374'),(979,'A03AF0CEAF6B0D3010EE8341E4CE7FC14B65B712CBC23079F2DD171960331BFF'),(1901,'A0560FA6DBB0798BE733780BE4849FF228118098C8D8498AD578ED483192815E'),(1563,'A08C0FE40A64BAD259B34EA5DE71A754400514F139B3B1C7AC8A107097CE7C67'),(1073,'A1CA8E0536573511EE18706376B476EF9D13DD972E2B13C9199B74470458D536'),(718,'A1FBB5258C3AF8C66DFA944137F3B22F52B337FFAA9006E0FA50C33C3066C69C'),(834,'A21371CBCB85AA01F72C17DDFA371A6FD2741F91605B248B6EECE73EA1EB948A'),(558,'A223A446E65C63AB1A456CDCA5287F0CA2F617D578E0DD7F6961BB1DAD4CF033'),(1447,'A27D80DD762D02ADD4999FBEDF716080F629573523C7E358CD78AF3C0786AAC2'),(507,'A2A6A47F428AD940C4C9ABF91D8735B36B6E214F2875258B8418507A8CCA91A3'),(235,'A2D1F1A5EEC8B13F8BEF5A0045264B874682F21E12BEF4B18CDA6F7579B74AAB'),(1886,'A2E01391FB50DFCCC23C5CCB72E6D83C375A8C5E4006FAAEF768346DA6ABF629'),(631,'A2E60765A147472CD4689BC0C4DCBB26F29372FECE6EB17E5D21B8984AB2D5ED'),(817,'A32047645B1FA558ACF658F8DAFDBC358F7A5E70D442B05CB21D63B8F2F2F7D4'),(1344,'A32C769FAA166DCF79C9572B32687A507297B5391463DA781DD2CB1B614C16F2'),(1862,'A33096687061DA7BD51C8FC62240B78A6310764F3DFC155CF2A1380918A12D68'),(372,'A3691EF5897AE245F0E5EAB562576E88CC65848A9590D503F6EDCF21FEA98D81'),(100,'A37FF6E1CC20D3E9A83D61723D532FDB801E6244407814CC3434BD52F8E76DA2'),(95,'A3A3255DB2DF7B4A40C32266A34E314CDA35A6BC5A41468C49E4BCD888E5A323'),(211,'A3BEB06AC5C57B684D1ABA95EFF611A55A743C12924DCCD63721542D51BF4ECF'),(377,'A3DBA47383520A401808EC8AB12EEDF0FF16DCF3EF8CBACC45B4FF1551C5BCA1'),(1181,'A3EF1542056D12BA5D2D0955EC2C2D42DB1CADCF57A73432B81936BDF4B0772A'),(262,'A3F6CD0BB000CD31845B4296C0FA63FA3836E9EFB08F89B4D86A3A9B56F2604C'),(1135,'A42D52D4A72B060E43E5582A83A12CAE5B8788F730D7862758A3CD94D7EBD137'),(874,'A435884E23F0E2FA806E332AE42A8CF581C5719EACA0181232F04D405A5D47F0'),(392,'A442F5B7069006817E55618A5F97A6EF31980BB3C1CCB18261A67ED7DAE66A3D'),(986,'A47BE4D9C4348FA3A4498B18260678B244DC93A24F8CE0F8E243C3F1026167E2'),(729,'A4A2665E101993BD4788E21A4F7DD7F4FDBE7EBD61374486652240D0B1454BE1'),(1840,'A4CF674C24503203861BB83875B8C6BDB5D0FAB04AE671C1DFC0BEF4226B6812'),(683,'A54D9B8959E9F48A1EA473696FD5AC495EB666E27B61BD8418762582B622B87F'),(1595,'A54DC4C402D1101FBA90E41741073E8B948D8DC0A0462F6943A03317CC03ED3A'),(484,'A5802658C1ECBFFBD58E79CE801E8D2F8DDEE4804CD078AB7D49B5497FCD1944'),(1549,'A5CBA1912EB7F14488941F63C953539FFF433F06A889C2128E13E264E12DDB7B'),(410,'A5CFCF89BD9A2710B7ED019335B3DFD20E88F38554944A6A637511FDB0985477'),(1637,'A60CA0760510997C3DE1014DF00C0CFACC22CA8CDE5F3CDC05E81EBE59B6023A'),(63,'A63BF4372A7BE77C20939E816578D3A90C7DD6E4EC79137D0C82926BE6FA9F76'),(395,'A676297EF1EF8A6253F8BF1160FF0C67B217D3B9BBBB37580C3A093AF6532BBA'),(1223,'A6798F50F3886CA79B51E80DC5D0843E0AA6F1AED254E1CB68DD45A62AC365AE'),(1520,'A684587124F4E9BE78F095A2B444EDD0C3A12091698C7F5A0ED47EB017CA116A'),(1851,'A69A35BC543B497CF9FD087303928B0D274614688C3C2D83F52037B962BA1F37'),(850,'A6ACD9A040239A946A91EB1FA6EB4EFC9F88EB9CCCFB5E9C86F156328287B46A'),(1756,'A6B2BD8303949536D34F4BCC7CFEC22B2B394B1EC53180745932263D6A326E27'),(1061,'A6D10DED8B16FD1E6775759E284E6405448728C145FC2722DCB755CDA21D257D'),(774,'A75309CFB8E08A97D83C2B6FCBED41E6FA3E8354CCDCF670F4D585370EA7BA19'),(811,'A7A81F55B8B1136162E297972F40BD2EDBF5728C688B8347FF1EEDE37CACE733'),(1329,'A7D7E912D22FE4F334BB3AB66009BF7D462E3BD397532AB8FFDD5873B196003A'),(1652,'A806D4C5952A0D52ED47D6ADE13FB0C8E16BD638E8494A719AC6BCAB3AB9595B'),(856,'A80E4895BD72D9285B61D8E1D10C2B15437AD77FE7266731D6754F9D5BE741A5'),(1497,'A83E41561D9A018ECF69C2B0F0E8BB621E873F9765C1D86443969AB3437C20F9'),(88,'A868EFFCC4F05C397F5BB3122D7E592CB4BBABF755C511CFB85D1AB3383F7EF8'),(1385,'A89867CAE7A332816974D02F0F01D804895A7361221770210F0D9027AE416B5F'),(226,'A8AC107BCD858E1CE160C79A6F6B17FB0FEF973DE0CEB031024810BF4458488E'),(1062,'A8CE8A1CC890A91907D9E83E62E598C64744A5B2E4E64556A035749017F3A39A'),(1750,'A8E21EE58946FAB013298733B545CFD8F96D57D8AE6A79CC8C53CACEE7E6F110'),(707,'A8F95BB999DA73EB0271C1C7C371D58589FAF84B79FB7A475A19B38A2725134C'),(1057,'A944E6A5B2BC4A494926AC86AA24A3EB696FF98DCB053ECAAE17C1CC942D630B'),(1793,'A94859CD831537FE4A6EBE6D72D7FA625C3547B56A39919141584F55BDC19315'),(1216,'A954F38934E17F91BF35BB6334FF0D5A682A4D5F5775C05F8A4510448208310E'),(1525,'A95720E0524B8ADDE0911CF507364ABD8EF7FB208A311F2D3DA2A257C93C55A9'),(590,'A9D1C59AE756904F8DF35F5C9DC19B4B8C2F74B0BFBBDBAD49C7F5C3FD8FED01'),(1125,'A9E52054B2FF631C920F9E1B9C04DF14D99C5E23C5FDD68A3B92C4F8B5F66D0E'),(1784,'A9F22A67DCB69E549568360423F1A9556E91D3692D078D9C4F6C6B8CB6624A90'),(76,'AA1C25A87EDEC2C61DB3C4DEBF61FCBC98B3EF7C54C129410548D8DF240075C6'),(1185,'AA417160C72357DFC2B9ED4A4F2EA79447639380C2F40B5D82532C6E513AB44E'),(96,'AA4D1A0EB6DDAE97095AA0268A90EB2B7AF4DCF500C273CBAEB6BFE9810E17A6'),(1314,'AA5FDD2091D58397EFDB9B5B20CD01722A0A7EF19A40463CF84CFC1A2508E3F4'),(647,'AA6EA15A562E160ACD30260092A217E1119A7113FDC6A33E4B8A92C6B38A156B'),(931,'AA768B8935D324F6539EFB8C8C569FEA5402EBDA0C160FBF70F4D6CED37B9AB0'),(1874,'AAADA1DE7CF8671235EFA20B252596641EA4B2B2F5045228398EFAD47530D219'),(347,'AAC087A7E8CDE0BBC7D6D142FAB55CB198A122606A11A25B73BDED12BE239702'),(93,'AB155F646DE3A81D5CD12181A944C5967929AE17C9B2A57FAE5C451FF0470D40'),(1826,'AB3DE9FFDE540E1B531317A0A2A4445A74DF5EE5DAB6A0309FA6883CDAD13F2D'),(1735,'AB55A3D79083664B07F7C97AAE965F6F7E57E5EF5CC5E74BFFBA99B566D4A163'),(867,'AB63AC537BFAC21A780F341FB7155519DD3268EB042B57ECEC8E7D58EBDA05B0'),(500,'AB7DEDF9F4046721CFC402C1CF7B09BC10CB094DE0E550B1B23C1C9D50D518AD'),(472,'ABA20D2F24144C43866FBD426FD086F378C74A3E79B4AC792F40DAD4AB1FEF75'),(688,'AC3D3850D75F0E28D45F5EE74A471065D9393D8FD120BCBC5E2991338B13F8A9'),(1301,'AC53E993917824A8144A3367A19E0F123BF81C8C66AF51116B8A375C2DA0F6F3'),(984,'AC628092BEC1F2BA4CBF1F4DAC351A58B92E662B12AD24F695920E11100C10C6'),(1445,'AC64A8FF271C9092D42F35EDB71CD0570965C686150E873B97D1BB7DEC52DD12'),(1806,'AC84031CBAB46782F943B73D64B4D569A9F56B3EB41B823CAD94266DC40F1353'),(779,'AC84FD76AE74751DBEF88CB7DAACE7CFF833D893E905FE8C9439ECBA6B570CB8'),(567,'AC8F51AF269765C9361C4FE6AE71A4665F2D85F18FEAFDF6D298A85114D38EC3'),(1926,'AC9D01BC3BD3B633304903E0DEC7936EC571785F63E65A97941E095A297F7DC2'),(948,'ACA6AB09A9231BA0F6F8E445498CC5DB5856909B74FBF83FC359F1F8542313D1'),(72,'AD0AFDF8B8190D3A01F19ED023D0D4569B819BD6E5F1D5EA05244DD8BD5918CC'),(409,'AD1A55802DEE4882998FD76923A32FB0B91F7FF33943C4FE1CA82EEA8FA72577'),(473,'AD37652E73ECB588203F936B96ABA4600CC206FDEEDB9945A16F3BF660BA3A9F'),(110,'AD451CFD1825951AAE79A73269B40606D9D8EBB0B9D61715D22EA4BC903B1B23'),(1470,'AD4F7AC2346EDF09C7CCBFD42BF3CC7604455BAC60F3289E539BD7AF6D5C431D'),(829,'AD7DA44AF176CE3709BCB540EA0C0FF77103CF17A7BA7C56714F8CAB91B0257E'),(1670,'ADAF5E4953038BA83982976B2835E3553D7086B65F913564F99A982F63471057'),(1605,'ADDDE5BF58F09040D4B0EB2D6C1ABF0E124C0D2B712C116354CD9823E59DC20E'),(1158,'ADF1AA364E2F0515979B97FF5E4EC804663E938231A91A9501C81CBD82DDB16A'),(1019,'AE4514C9FAC1076A31E244860FBB21C4D91EC43B2BB49BE700C9067D80365E02'),(254,'AE7AD7CFB352D690427614B7FE3CF7438121C337DF36AA8C516EB51A475973AF'),(195,'AE7E2E81B2C1E998B01F5B25EDE485BDF3F81FD65FE1B6CA35A3DD1CF9084B40'),(1612,'AE870EC94F2579025D5D1C9D9117D934BD66918D6EA17EBB6A93D3ABC27F8A2F'),(776,'AEA2D6DCB28DB749BD056605ECEDA76592132EF3E9D2789AB6B7A95A3EDE8871'),(552,'AEACAAF1B219898331BAC74A42C8790EF2227710A246E1D3D93A92DEEC151657'),(741,'AEC2009B503DF2BAB097C75DCE95C670E2DFA6649132CD6ADA1AE62DA142EF1E'),(1031,'AECC613ADCD6D9F2F82D5E493AAC4F3117C66A633BCA815EEF0FCE0CA424FBA9'),(29,'AEE01C575ABC29507E57B7E66E41C37FEC03D0D518A7B2A872A18DDDB3AD3723'),(1443,'AEE554237737EEF92A84565E44ABB34BA19CC1F5DEC7530699064F048B10B920'),(1278,'AF2EBA818EE87C7077B0962970C2865C98384EAA1F6FD670416E8C378B612B91'),(1235,'AF51F14ABCBB85C630D9DC1588546FEDCD35D1421B8DF9558C9645E78A2C6F46'),(1727,'AF617FC1F0B0781BC7B9DB41315F5A9A8B32F62C47466D66EC34848B5E403528'),(157,'AF7AA5DF3A40445CD9370BD0E5F79052593BDC6638A9257DF3126678AF0F70AC'),(824,'AF832D9D69D4BAE21A3E84D1FA5DFA2B10F3947B2DCBF1A06A4562159B624F8C'),(900,'AFA3B78A1D033825744C51F7AA31A672A882EA3B7B45F09EF7AEA16E8C599EE1'),(1775,'AFACD654BDBAC8CCC3E900C498DA5BDA236CDF0EE58A5A3E7142CC37B16F588F'),(667,'AFB03EC41A8A3C66F6A39DD071F34A863AEED1A4C9615D91B8180E7C8604EECC'),(1342,'AFB783BF6CF7855E922B79076A33AE1803826D490DDB02FD51203C6A7BF44F43'),(842,'AFCECF56636D809DD5C4A4E33CA1F629ADE5889EA7F0A7BEBDC1E27BA2B595E4'),(1531,'B050E81E9CCC6AC3C1CE320C64E36E2170ED43C5635A081D53F27DA1C3C584FC'),(1107,'B055B51A8E202FFCE8971409B4D07C340F06ABEF777592908B8A6E12B5080D9E'),(1885,'B05602F290C563F13446068FF72D21C726400E9F3606BBDB728F4AA768D06CFC'),(1001,'B08546DFDF72078D0C0B4E56F03537E842C3F0F5369B9472EDC13F1946774FCB'),(1807,'B0D47B0A1B8DE9DB2F5A6E6B51E41AD7B5F8ABD98863C29FC5CA45308064D5D0'),(1494,'B1026B61AEAEC54B91F94949C6159AC58AE159B282C91AC90C34624F911C501B'),(209,'B1060BC3237C084C58527AA113C9D3F1E5379917C901D2AC508424F1A48DE5A7'),(1151,'B17FAAA50E1257BA9FFEE7597A0FCF5E0900D48439820707DDB01C30F26BD0F1'),(1463,'B1924CE781F09723D8EC602AC764F312B6AD6B10DBE2FEF17649282FAC226F43'),(274,'B19E3D26F57B9D805268B59D4007F4F6C0B47A10E8B81B1D82D53652B7DDD225'),(77,'B1BBBDD1B9870A5AE12FC73388FDF423B96109BDD6F1F428006F9290DDF4D645'),(1745,'B1C3EE406A4D658FC94C2D233269305A622BFAB0E409A50E44ABD5475AFD868C'),(1404,'B1CF100F1A0FB037C49FF2D88576F89F763644089EB4B6640E1FDF85BAB94071'),(354,'B1F3A087F9213D1E50ECEF043D1D3663D50318524AB3CC8CD70017F4CFFA066D'),(399,'B1F3FD0D8CDDE64F9B6D44AA06561FD7F338084C5EBD4AD1BF86E83589E28458'),(317,'B20CA4D062204C3E1041DA8B74318B2D8AAB3B7BA22C62C6DDDDF087589D4B76'),(263,'B2543B4F9BABD2B08C7B3E5F160540A4D0D1B2ED985324D303C2E71D0D17A784'),(539,'B2706E8AEFBD298151F714076B73FA7B43100F4B079AA015E36875CF095CCE6B'),(591,'B2859EC9C27E4E185B80BD5493AF08F205E0BC100015428F41B8A1927EB0C1FC'),(344,'B2A660FC2AF89C64E6014F637A4B01AF08F1E4F848555950A4865445EAD54222'),(1358,'B2DF08CC93AD7AFDEB7CFC0296F1715FDC27CD9AFEFBE3E81E6A0ACB852C4BD2'),(313,'B2EEE5A7253F3968B50A7DBB581BA733D997133C6D4371F425361DD2AAA9EDA1'),(405,'B333498E8BF6494A56AC5BC17701C652985C42C8588807A9C06A328CFADB1A01'),(1615,'B34BCBC7F2CFD6A1076E35EE6550C898097D2FB2477C5D992EA053C73DF057D0'),(524,'B35F13A6B0C24195F518CDC1F6341A468421F2D6487F20E059969F451B917C46'),(1546,'B38D731C6B90D83B5259B41B2910073F7F5E396F81AE00EDE0B3C43A4DDBDDCF'),(1777,'B38E798F3A445EC22D1113DF515C2BF2B0BA1BF185301A6E0900D250C11FA199'),(35,'B393A6EDAC5D02FF1794935A1118CE7CADF0D8AFC9FC8B688C300DB86673E7E7'),(1703,'B3973FE3E7990B6025B224335C9FB3B5700F2A15A6884A4996D554E5D93B9FC2'),(880,'B3CDF8EA8F1064660CFE3C96C9852550CF8E386CD766104D3427E68BE719BFF9'),(464,'B3FABD903D332C2BE02BA83BD7C6443706AA59C221E0737D130A1817ACA14907'),(457,'B40F4811B8FDFDEE05269BB1B415252050C5377F18F299C6E5EADEE1325429E6'),(259,'B463D1925F34FDC795699940A3BF4E86F4EE93233D4831AAF14B2B029C8CAED1'),(1689,'B483709534F26C4884D2EC3AD067466AC85CC790E1CD168A64F073A11CD812E0'),(1207,'B49B7D170D6B4814BC8C3C2F879F598071C3CE8AFD07D3B8AD76A613FD38FE55'),(1653,'B4A6FE2448DA65D7E2BF88021672BDA1A0B6863C43EECF50ABF5E319C156F172'),(241,'B4CFED7E1B72C813B97650E3D3429756F14DCEC6A1758323AF5DD502147D2432'),(503,'B4E52C2F682364D00F6372ED95CE8CECDC59C7555521AEA56AAB761E5036684E'),(1694,'B525CF29C3D1F556D5EA4AF7092DAD0E99F768991C0926B81A04E015861E9B1C'),(496,'B525D535564FF40AF7C96BBF3ACD8C78134C31271B2CE9E910B1814F95B3D95A'),(975,'B52F1CC957AFC66AC8357D93DB77636130FD9052211F7C344F733F25D8C478B6'),(1008,'B537D67954EE8D1C52483E80CC768CAB3E313ED22B52184AE1393CF5BE0741B9'),(1925,'B542534125D544538191019798A0EFCC9241C0C28181ECEDC7400D07D8D7F978'),(1553,'B5D3CF789817AA5E7A6D9E7EEE6BF128A232372C716ADE48EF9B4EAF4C8760BD'),(1904,'B6041D626226338B7F7AD661806A9ADF1144C30811E02D9EBB47CD4A396C37B0'),(1219,'B604F1F6CE057EAA38A2DC357C0A51AFE39257BCCB31606C33298293912FF28B'),(1288,'B61CED29D1E9756DB3FE71A8BE1205F16991E773BA7EBC45D0BDC35E85E78A79'),(1920,'B634B4E554A923E51F00179049A3171F05CDAF9250D3B62B0C941A3A17F9A4D9'),(1272,'B64FB53D48161AD0895EF4917CAC0338728D1995C8FE3597712C4FAA0BBFC87C'),(1988,'B656A048FB31BAEDAD66793C1E463E6879658988D6FFC33E78305601BF94293F'),(111,'B6AF0940BEE136F436E1DCB5798AD5FC0C16A90C60AEF894A95EE04C4817CA47'),(439,'B6B0DF1C9AEB9168FCF4FF119A10D33D47C640BDD9565BD8DB639A9C7E89BC06'),(1027,'B6DACC53A7686A32B6847EAC7801CF144F93C65FA16C267774978CF88D43F0F9'),(1056,'B70931DA806C02A79E8AA33857D7C737873485F5BAB47D36EF36DF4A4870145E'),(396,'B726E67F0A4A81FD908ABC7627C894221460B2DB07828652A585C55EC9B857A6'),(1596,'B72C44EF3FD7F7174A61AEC325CE5C2D5BC1B0655612B7F1533C2D0087308D50'),(895,'B75D21806CB693945ED3E85CB3B6566D99BB5849527FA3AB7550783DB8CF7E71'),(384,'B77EE95E674E81506E996A6C7FC852815DEBC064526B0217E24C8AB115FBF868'),(1884,'B790E3E162B2A68CADFDA46B35E2BB9D6C6627F59B2D59F918C7CF4053F11B42'),(1043,'B7936C21DFE25690752C8BFD61B84E166971BB41BA1BD57FE80985A2D6AB6CE9'),(726,'B7BDBC95ED4EA9275917333BD495C8B42F9BCEC4088CB2C5A4FD5FADC40B2961'),(386,'B7E960620DE02A926168833D717C5FA96C0984F2A04D19BE2DD1502600C3B991'),(156,'B8069A8916F95330CDB7966853AA6BB34FEF0D2766FCBBA9972BF8C3F3559196'),(648,'B817C0265594BA7437C2572199070C936BDF6BA5C44C9E85481276CC910AA7D8'),(1373,'B8627CEF0E9D7905196FC4DCCB146A314E7D4219369CB176238DB56CFFF54FE0'),(1961,'B86E19F45DEE10C65E333F0156206FF5F79F4EBC3613F70911EA99FE952FFD6D'),(311,'B8729A21D6D616C3D0C6AB7F4C1CECDFB5B711D9467385753322AB500BEE412D'),(1450,'B88F12BB2F25529688B0D4872937F3269B9782AB7F9C5C0C31C3315079204A2C'),(11,'B8DC10AC689F9EF852ABCA8D5D7A5BD7E02FEE45043342E84C915D8BF8043C76'),(1060,'B90B2859BE55AB9A8396AA05C2E85D77964813E4C308DB7608218E86CC528CBD'),(927,'B91A3C959179D724CD3A1338189D55933798ACF166CCAA3947E7DFF6BAFE53E2'),(1170,'B9D7C85BDB070C65FFFB0E707FEF68D45ECAB0F6FD61DECAC76D6BE781522F99'),(208,'B9EA6E75898EAF21BD33EC1C0838E92AC44DD06096E0800B03FC9C9F1819534C'),(932,'BA0728DD6D81549DACFD67BAFD89B469FD10357E47FC6F39013251561833A3E9'),(1640,'BA18080C4C852D79548A022ADDE86721B1197551D2E2209479D9614D32D38A3C'),(8,'BA377C652D8ABC2D5C856197F4F11061A000C37378E84D5599FE2DCFA8D58058'),(773,'BA4CC759B7D7E85ED630F48FA78F3B33F375B502EF9794F2958FB93C365C2DD5'),(977,'BA5A704D4FA44D4242546F0220C8E9937D2A6DCD0D83210CCEE273FB890C28D4'),(1257,'BA71337D35A37ACF84E6640AB07352A278641E8D76C0AAF4CEB0D74CC3EACA80'),(403,'BA7D7D147DF45E5FF9A097920DA06FBE9D7B9118555790BFFBF2CC3E058CA3B6'),(7,'BA8107CB03BF48CBCC6A09AE7206118DA3BC41D91D290CB9521370B2C3AF9186'),(1980,'BAB0405DAC352D5171ECF6586CE5192BA36D2C9256A1C7DCAC30D8BED7873E9B'),(1204,'BB0FEA375A11899A057407BA0692F391E93EC010A9A1B9D71C90F0CC59B160F3'),(1072,'BB144789A22A0B73508175F3EA44D92C571CF65C121575EDDB49CB65F80EC351'),(1077,'BB1602412AEC359AAD52AD61BB334F54716A9EA46F296A28B55222BC30D07E61'),(1379,'BB2201CC486DE6446C21C88702CDC7836C956226F1C99E65ADED81498ABE590D'),(639,'BB2EB5AA2E8C1B22AFDE4E1A4D25FAC1A62A8114F73569A485A2099F2DFA526E'),(1697,'BB49B3FB43E78707DEBF9A83351DC313308B5468D5FF97D9072AFF180D8C04EE'),(1873,'BB5C5931F095D80997DDAA19ECF34AAAB51BAB9A4D79854B8A93E21B69069C8B'),(1709,'BB76B9107BE7CC96E618B823446DE098CDE0D07187C80B5859A235A49EF0F8C3'),(1992,'BB8E492DA861884657D56ECA153F37D2F488073B350BBDBAF5B6AFB35A8E8AD5'),(1228,'BB8E840F14CB66D569AD0987AC1CC5312BFDF4351CD306E78E77A42B084854E7'),(613,'BBA235CAFCD63ED3ABE0BCF04CBBA4641295EAC1C5F5D6E72FDF9710DF07300C'),(937,'BBAFB815C251C5E15A8EE8449EE15E3771ABFF5A22A6E7FBE60A7EC7CCC38A25'),(708,'BBC420A7F0A41CF5E14FAEDBD7C2A14D9C40EBCF8CD4B193A266419FF434D462'),(845,'BBD80E9C51B435ADC1EA94D29F1F144A5FE1C44A402B57AED27F1998B149C31A'),(501,'BBDB2D352F7BDF28776C2A3E549F0983FF99C108CF787D108F6071B580200F38'),(357,'BBF01E4D0F1CDEA84A820019C946954D1E61F14EABDF1CCED19D5C5A73AC7CDA'),(478,'BC5A0C7C38B8B63BE747659B5603F342545082CB09C225AEDEE382D3B7C14061'),(480,'BC8306D58AAF773ED03342AB7A59695CA8F7D2C8524F3A1D0624B30ABD5B2DE8'),(97,'BC86F51676808579E9B4A33F56EEB33C15A1977CF9CB3CF6BB9013603DBFFA20'),(1022,'BC977AB230C526EB9C3FB8F4709C89CBEEAFCED3983608BDB8E6BBB448B22BFF'),(487,'BCB7F4848E77D8BDE1E759698F1F18A373605FF8D76710C275A2944BD2201BE9'),(886,'BCCDFAD98671FAEAD81D1C1B27AE47CCF61267ED39EDE132EEA48D432E78173F'),(929,'BD05E34F5D78AEEA740B6F5EE2C13F4E9E7DDB12AB7F05165F8F7C43F34067D6'),(1248,'BD22F0C720CB6098F43E38673A10C1C90F4C5B6CCDCE9CB335ADBA343F50CA11'),(728,'BD240227A37477F6311304DD352610A6C6831D2F219D3946A75C21EBCA237ED5'),(1513,'BD3211B9EC789DFD81A5A300A22A0DD11887CF73A6079B0825703D9057A4944B'),(919,'BD95F120C7BB5AAED40485D69650878DA845DB990C941AADA163A24FFD6F1A08'),(101,'BD98A0D3A240AE58FF92F3E0705AB99F4CFA73A59B829105745FBDE68C607F92'),(964,'BDA7E16257FFDD039742BD5D40A0AB3CD64DCD1C412E39FF529549716A375B2E'),(1489,'BDBFA83B2494E901440DCA3D11AE5DD636CB255220AAA52B439ACD3EF3F2ECB2'),(1045,'BDCE17C4C7A551B7AC2C7B9E398CBE06184ED70B35C297F4765528CDD9684865'),(25,'BDE8D43FD774DD97B46CF4D51B1FE6FA06E6412697226B958F4D1FE3398B5EF6'),(918,'BE73455D4F407A7C83993248F2FA3A3B422782AB108473C2EC34639EC8BEA2B4'),(1258,'BE7BBC8A99A5820080AD0015A264B2131A4DDE69CE50F5A2B129728F6785BB27'),(1137,'BE9806A53C52E285D6843883128FB1EF250BCCA40825FA1A359D8D06E1A53B14'),(823,'BEE2B1045D42BBBFF2A0693EF97B93C0A1DCB64A5D3A251374684AF468A3748D'),(337,'BEEB0101886FB5214E491387326BFF77059E32176E63712C90EF940E7E238E97'),(1499,'BEEDF1E852058E5F699D823E4C4BABDFA45734A9C7806AC7AFB5141491E00CDD'),(1264,'BF039222E37E1C11C8476C8BC14AD954C46CCC6F7318B35710898B6370C47B12'),(388,'BF0647E86DA0FE308BED13D4B791FC33ED715D1550A3F67B9B48E4859F0BB752'),(426,'BF16DEEAAF7B8ECCF702875C77BB6A1EFFFB429C7D962E9DF03C23031AD475C8'),(1611,'BF35166EC9E8EBC2F1E4CE89F82073C38E8CEBE23EFFBC38E811B55626B1A406'),(614,'BF35469D9CA49F9C7B781A0B3B442D1CEAD759F08F964791BB2E026CABA70BBF'),(1377,'BF3572C50172CCC1D96B7C2512C4845679E62BDBCBECFABC653CF8EF139B450D'),(1426,'BF90870115B6526C622A48751D47A2E2A3CDB0D4CF685CFD131C14F06ADF63D7'),(1911,'BFD032BAFED9B353C9722E40EA118031F8753EE3610EC5619E72F39382B1B7AC'),(1541,'C02D64C8ECA429A116C6795208B00E60B5F847CF289FC94604F99C54F4CD6C5F'),(791,'C03FEDD228DB72070E63EFDAB2EAD9B1013ECA1B966AD5BEDB6DE089AB3174DA'),(1858,'C06E8FD4B3FB71C3D29AA056B34F85F4BCF17D890EC1B6881BFD8CBF96E1139C'),(968,'C09707D1271AD4E80543860D34B6BE30DBD5D05E56848BCC09631DCD46430A8A'),(640,'C0C2F8A129D677DEB073C098CBB47F55EA3C1A459BE80C53E88C2E0F850DC822'),(1496,'C0D155118A06762D29E46D5EC07CF3BD426FFD389215DF658EDD581AE3C724A0'),(1488,'C0F6A79C93407772A728AEFC0D108CC5F6C66BD6100BE8CF3F58DC6FCFA93AE1'),(866,'C10F060C8BAA10802BC92EA15DC97A9015F216E6CC07B7F56A9A4FB56CB03C28'),(27,'C1158C815C2A8FA07AC6BB541E79283BE87C4A5907AF9E035AC6319CBB1C899E'),(105,'C1172E2C9DDE33AB9DF55E59F4E02725CF8649D2A29FE722FE99DF63A3A84E3E'),(1224,'C11A552D68612B71FCD7F4968DCE5B28FF085A35D2A8CF9A9908428F22B264F8'),(1215,'C152EC904BBE4865C361F074EE5B93F4AD62D51860A11265A018955BCC24BA57'),(1088,'C1688FD5ECE3891B68CB9FAAE96E8791AFEBB35E2EA6C1CD100642035A58F41F'),(179,'C16B76D2F13ED33ECACDCB48579FE8AF0D6F2519BA5EAC98B4D6FAB7A24C35FF'),(1256,'C17619218CC803B67AE7AEDDB3782F79EBBAEEA1A663B6E2D42174BA9634AC01'),(771,'C1775C60CDC6782333F95C779109ACB94BFE9457FDE9732DF0A3A9731D4870EB'),(894,'C1882DEFAD690E4B80688BEDDC437EC806FAB29546F206484C583C2CC326F2FC'),(1490,'C1E9475A45A208BF3E314DBB9F96AC9E6C54015C2F96530707A781C1B6F41577'),(1298,'C2124E4046BDB33F90A45AA026BB95B1DF1A8DD0AA468A9ABFC14665D71022B6'),(256,'C21B696D6F9BC3C16076E25D2A0C5F104006A767D08E6FF0A0CC73013F01A637'),(544,'C24CA8E7A8EFD34A196F26BD5EA7391EAA46AA281C2257A74F955D03CB7619F4'),(939,'C26F304122C3C986600D4E9C2A212115C9B6D03639140FDD06D5F66923667B96'),(976,'C2914ECCE3E8A820AE26C576AB06656F94F69131F4EF0250206E8BC4692BD0B6'),(1232,'C2A199F6503A57617FF131CF0F7F7534FEBDE55B25891C0D3D2C16343F69EE77'),(971,'C2E23F27E5F34E1B80447140E6021161647A12C47527F3D8E12EF66F4926A250'),(595,'C2F066580E074879A502DC7BE32BB3E2948F35ADC6FED212E9511673433F76A2'),(798,'C3408E534A971FF8A74F799FEDAAB319ECF64218B17B120D1BD983667F6C8E40'),(1916,'C370E015499F837C061FC594E679CB71E09B9F8FF4EC9D2ECD6385C302A82644'),(1164,'C371D525C55BE8E96F5EA4BC4EDE2F0D350B3292B4972C204BBFCFB25C5A5A48'),(1254,'C3A004113791B4C9A968B142158812FE647235F8E5C88B8F7D2DD9029DB228EF'),(1681,'C3DDE71D059012D72480C7B6D9AA7A75CB1FA66CE492E3BDE835EB0D0CCCF51C'),(787,'C3E404458F1F7AB2DB89D308E9B6B34DCE3BB145913E6B59A92E37E83041CC11'),(1695,'C41A8E44B504AA462B55D787F7AA60048AD668B94BD5FDD2690E5050445A4DA0'),(542,'C42BB86A75BE4A0FF9EE12C846FFC2C3F073F25B1B466F4D56809C4641321F96'),(1210,'C433FC0422C15C6E576A2C3A06B1DAC272F6B876CDB6D56F224FED1C4C013A4E'),(1054,'C455DC221A47213A2080704C5D9D49A04763276F98A5CE86DE35215C69F7C3B3'),(246,'C4579E5F408424B2830AA70970DC273D695E2331E25C66AE586031D54DC74CE0'),(161,'C48CC1CD443D42916C7B90EE70E112FF509858A9030140CB10A9565B5CB83675'),(649,'C4DD66C39CB65B60EC18E7F0996F041B43438E977E315EC284CDA9F95391A7C8'),(633,'C4E8DDA44253D31A2B358DEC561C4BFF7FF5B75531A9ECFB4358A8A59B34A250'),(1485,'C4F646B25BE5842ACF271B5D4F32C516E2F895C8048560B535F3A077EB269C29'),(1935,'C4FA7E00FC2680E513A32D873245BECEDDB62D7359F800375A6BF7ABF94C6376'),(118,'C4FEB1941BF996F3B47B27B537CDCCA83EA8FD49F457D19E90BEF9916428534E'),(1863,'C5036851A8825356D6A340E0EA4EA9CDA9F1BFFF0F2C7ADA02D3E1AFD75A1ADF'),(121,'C50822A4ABC367C4537F7C25E0D23442D6A667C6A0589F7BFB692131FAF5E651'),(1860,'C52F238762F844A92F419A824331D0B797D71B703F5E4E88E1C9991C8E1824B4'),(1157,'C59ADA88AC9E6B97D00B1A28A79364F6FAABEF51C446F627807148E60F88FD38'),(1337,'C5EFBFF54A7DB873F072313713BA12E1605173FABB736EAEC737B1548897E546'),(1100,'C608D0B9D13204E340D1590180AFC24115DA86E3AADA29C42E0E03BA89481F7B'),(744,'C6464A3411D82352A64540FC29E9C863D3391978FBD4938A58EC2FBFF416F214'),(1109,'C69BCCE4DCD419014A441DEEACFB539D64DEC7928F45FA4DC2DA6F1492968FD7'),(1698,'C6AEC041BFD30AC67680C7C1E8CAE16DA74E5015F62691D7C7D2073EEC7DCAAA'),(1818,'C6DAC07A71950CDDB470ADFF0B34367B17B4E7F449B42140A5C3934737BCB362'),(140,'C6DFDDA69F2C46CF3101358016321D3F30819895DA8784C08B06CBBFEBEBB299'),(282,'C6EF83431211A2E7B3B0BF91A609DBAEB1C3DF39AFD3ECB1EA18683B70C529B1'),(930,'C6F758E8AFC6B0801BE5A734474F22B2FAD8A59A3A5DB4E7DCB7A04834B45D62'),(1103,'C709B255567CF5655D21E291638D1540EEAB66B05F421379B3430CCEC0ABE193'),(560,'C71BD94873402A62EB3DE4E4083B768DFEAEBD04989DEEFA298C9C48B7C107C2'),(1292,'C71FD7F7BD0118FD79E9D88E0CEC954079AB7CA37E8C508A73DB8C0D27C386C2'),(1176,'C72477B9E625C8BC0293E9CCD95F36C91092CBF5ABF4AFF3350EF1996A176CE4'),(920,'C73AAFD52E52B84D442655EF56054AD6AC8478F329540B6662F54588A36AA8D2'),(275,'C75498628435C8C522CA621FF7DF1B8D0A7F225F15F1BA314D23DB8398D8BEA7'),(277,'C77DC988184AC250BEC07DD6BC09FC561F63F6DEFD0C39741BD2502EB62A242E'),(1282,'C78529C53C46F9C5FFC8C9E9B723428CEBE9112CA952695820F09A6D979416AF'),(792,'C7B016EA7EE9558E6F99FACE1B85FC327F5BE0019BC009E07FA1AFCF0A74CBD1'),(378,'C7CA90773B22F531DF1A9909382BE4D55AC7EC5F06A5DEBBDB3B493B05136649'),(659,'C7D1A25AE2EDDBBC73965E0A0E93692B6C22293382F9E1FA61F930627208C987'),(498,'C8796F0B86B4F02D80E93AA373422426D592BDDAC76A2DF80C1BE197FC8EB7AE'),(52,'C88FEA44106C5262FE758B2B3F34B525B0551E5C92A9B6427E6EDB45A3A094D9'),(1633,'C8C4F9A7FDD50E9C767001B3DADDC2267265DEC8FAFD5428A5C7714C6756A555'),(1518,'C8C8EC7D5A469393862ADBDB30BE9956429BCB8F13744AFBB75FC66C6710ABFC'),(747,'C8E07ACEE619EC779C90CC9CFAFFC665212A8BCDF1F665ED94A59BABEDF92B47'),(1214,'C90719B85054FACF5D904312EA8E1257BCBA03E3BD1D6E426759E0A2214E1170'),(587,'C94C46FD700B50FC5A75335A12EF76E48AEA87C2402B72FF7499BB4031ECE6D8'),(310,'C9564228065CE1145C0879599D1D30179E03E7F74DC1D01477C6E1AD0BC7D412'),(412,'C96438908A3BA47FECFD69C5BB160A31023E714BD1F72B7C9003FB6E52B9F7E7'),(1161,'C988BC559214DA61AD989CBE9BE84691904D66B5516A52C4E81C34430AC756AC'),(1930,'C994A59E2603C0F0D8677444E0FAFF1E601BBB33FE48BC9B7CE0EC49EA084087'),(1338,'C9FEEAB0BF8FDA50338A962CFDBF9E59AC62199EC915974DC497AFB2A618E631'),(889,'CA107DB9F0D55F001EA02BA65B14FCEE323F3AF11721A81F008A0C9573B91FF6'),(1274,'CA18308EB1B892C8E0FE27B28F45E30A540D5447E9481209966F823C251FF1B4'),(1666,'CA8BF918449A94FD1AF18C2246F5DA26EBB1FF55DCDEAB28B22A265DD86A25F8'),(165,'CACCD75D7AFE3570671D4A2CCF6246A44AA89BED0706CDE4D35AFA5E25286D42'),(1621,'CB0F043486900DD3DC6906459ACFC68AD1A198C1DF9EFFAA473DABE53765A921'),(1324,'CB15B8513DC04A93D69B989F96B322DD239DC13A91E2948BD35E467F2E13008C'),(910,'CB173B2F899CB2FBA6648557B968DC6EF7E26B0737D3A0067D2D4294F5F04DCE'),(847,'CB1F250CBC437D2DD96A6C949A7B5F19EE2D862BFD78A56C2CE21BA314E060E7'),(373,'CB24B86352ABC4D36E44263D96A10B9301369A1FAF59DE0390889A087A47F2AD'),(215,'CB8656405EC1F0160EE402EE04AB92EFBEEEEFE72B0F95117AC6340AB5759AB1'),(739,'CBB27A25C353F1751CA716AD058000C187C8712F87E056E28446606DCF95B121'),(1960,'CBC69B5A3EE0C0C71A5C3AE6323678FD08DA9A8BA9C176082B153F6959A3E17D'),(967,'CBDD16EDE4036E045D28659AC2AA4D90D04A6D5D8812FE914924227CFF65A704'),(641,'CBE227C7C417D611BA57989B4CE055C8EDE25DC0AADDA6089AFDC01B6EED060E'),(1540,'CC79A8287E5E2AE8BDC85B7AE53EBBF2A1BA247F8506EC51A781119630C5517C'),(1791,'CC9F2A12FF3BBB715181B70A1C48EAB1F3FCD07DD745C77A1780BF09DDF54A10'),(1614,'CCAEDB43683D4CB6B4A7EA0D3217D94831EB2DA8A62874230E1B3304B2ED1146'),(1009,'CCC3AC2614C141D87AB5C8346C3D43D12A6A9B8CA42BAEFA6B6FB5044A0BCC5D'),(84,'CCCCD7468507DAB353E27F9159AEC2D1A907ED90A41104CD30174A855BB42DE3'),(839,'CCCDF2170594C73CA43B5A90D5560BDA9011EF521F6918E205D8C13016FC99EA'),(223,'CCD7A593A0656AF5AC6935FD9DF12AC50DDFBAFAB0DBC5B2278504115BC28804'),(341,'CCFE89A1E19082CE5D00683FA45A91D23004F2D91CB6C6232D18C5975382C318'),(184,'CD136ACB2C9C3DBC4423AA87C23058A0F64073854CC765A945ED72EDF6F0870F'),(385,'CD22AD1C653C50E4398D1A56D097FA881740C0582285F09E7606B65A6D7DAB96'),(1822,'CD42FCCE74B95330AF4BF1B41F4DA4FF4C700A5A9117617354057A47894C7F02'),(575,'CD4920C989D83970EE481C936214E307B4CEA2614FC9FED0BA14C819E806A1A0'),(505,'CD5AE786BBFDDEE0713FA55690701A42FB4A079FD251049400DB381F7A553A3D'),(1471,'CD63EEFF701ABD3D3115CCEEB86AB7DA3AA357E7830C71610CB533CB39616755'),(922,'CD6ED3C7EEA3751EA380A1871798B9730EB35E6C8DB36C381B1296F19BBB068E'),(1902,'CDBC7868914877AC154B62026E86B0CC074AEFCD4CEA4E54129CE3DEDEB657A0'),(320,'CDCAF2C4D4994187C66594DAF4C3D12476858F8694E306E4B4DBF8B863DC04FB'),(1762,'CDD83E891559E095EE878534640C68DA794A1E70E911DB7A8ED372339607FCC3'),(1676,'CDE50430EE3B2809646F3F9188620BC94C81D87554A339DE3A68801ED77E3027'),(586,'CDF3EFF5BD85522E9A7520ED2F7BE5CDCE62FA4974A5409DC0FB4C80040465E7'),(1528,'CDF9C4D1BF20825E589767F05F90B60F5F817203AD65D167657460FC8DDA6A82'),(831,'CE2055FEF5436E542095F7827299FD5D813F308D020BFEBD0A3F610EB7333F66'),(1783,'CE33E8DF28042C073A090365AC27AFF0F370E7E6E6ABD0A6BDDAB2929A4AAE36'),(1498,'CE3CD7336190D020F99C9CA53C2D6467732EDA9E61EFB9FB6721412BAE4314D5'),(162,'CE6136A5CB57B672CBC95EB4D802B8DE4E73870F1DB1446024FEF4664D0FA728'),(512,'CE915CE10CAFB0A9A9DCEC741CD79338418DA768E1D84B594EBAFD0110939934'),(456,'CE96BCF6656AD2117D7833E86CE12CDAB0C55DC6A28BDD5836E27342E01BD49F'),(1587,'CEB51ADE1F022E4E7C10161425BF48D4743F05877CE8A231AA68C87A17AD7E12'),(1929,'CECBCED90D885B482A9C2F088FBAAA16990F24D33E63AC68DFDA44568888B9F6'),(53,'CEE41BC00CB88D21E9F9528BC118986D81F6D77C14F94898950845C3DBDEA1AE'),(207,'CEFA067FC4E5571870D8875F5ACE2552485BAA9DB43F9D3FEFC62A459AF80D68'),(1195,'CF31B8908D6509805AD857564EA1F49A288BDB5D42C1E25EE4F8DAFA29863673'),(22,'CF32AACFAFBEC077E98C49C8C705E4832231671B1E6D083D9443ACEC7D695B16'),(178,'CF560D424FA61A34DD7A7B0535E9F0E2AD7694BAB4BFC8D8D0BC4F841607D5CC'),(898,'CF86F4645831C6C01B9C385C938F58CA4665D39596BED3F3FCF148A9DE1B46B3'),(1473,'CF9272C4ED440930E2BC264EF89ECD0E612D3EB7338AD9CA09BBE0944DBCC385'),(775,'CFB2DFAFFEDDD64DD69E2C15593BC93DD1AC9D02BE3BCA494E4B8B1D435A8965'),(1724,'CFBEF75C50AE2DC33CB70AA220CCE8263BA3042C92CB66DA783F270D48428F18'),(565,'CFC744952B8113A0BE43556E4FEBAE771FE52505FE8AB64EBE7D76B9D4848927'),(124,'CFD3EF2815ACA98145305D431ABFB3F275DA3B25C9C7D15B79387956157B7B7E'),(1252,'D01BC97FD9EB0DC8D21DB26E05EE04E1BD4E4FCDE7D43C660A3584A229253B7F'),(1936,'D030E7DC452FCE94BC54045691B40D50C9FCF6E5425310F4444869835D8C75B8'),(1575,'D03B95160A92933F1671062D086E1BF43B641807469D922E2252522807385BB8'),(462,'D07A610772A73C629F235892E17B2B1E95FB87681AD787D61BDECE9B6AA471B9'),(818,'D081413926C3EC45A5C61D7E9D34DF1DBBC075B57EDB9280551944499702E64A'),(1969,'D0B84E3A851FDE195FC1136D5B50D13C9C3442ECD5B59E030797ABBF407D0F9F'),(770,'D0D020AF29E54239A89BB151F35F895D3DD77DC4F7596BC59B3765B2FBC7B629'),(1360,'D0E7FE1E454A3E962DE4A3A94080F3B2A177B39A1CD7734634F4FB814F547E8D'),(51,'D11779F752D8A54AB98BE7E0EB5E96A30F54FBFB5E8D6D0AC746C491202FFBAB'),(361,'D14CDC61D72BD165180CFED747924C11E2AE47CB45BFEBD2F0616842BAA83294'),(91,'D15EB55B78A3B6D4039767ACB0A3B9795C96A3C6F6C0137082E38342CA775F08'),(581,'D1827F2EE53DA908A1B0BF1C18599CC10D469750C4A6202076C9A0A95D1E417B'),(1512,'D18AC062889D338421AF4AA688B8B7CDCCBC5CC5224F7A62B7CBCB65CA7C236F'),(822,'D1A458B5051482840A628189BC85B0FCDE4E57C5FECA17F7E116D8BDCCC5995E'),(517,'D22BD0A7309879A817CE4269F3BB0BBAD914E07CFE7427F64C14DA3B5341577A'),(1476,'D22BF7617BD9D481F38E87E1CF6D67DB6C46F93F0E31C4C1647EE688B47E5C54'),(941,'D2531E4C68D61C05453C21A44B4AFD43DFFE343191EEF40CFBCC3EC93434E10F'),(859,'D27D5985765BF8058C962EBBE61C203334E934B33464F5AE2F82F6611B79BB41'),(236,'D2C391AA6FDD6D730019B64A3A6A7AB9D0C19CEC0CE70CFFA214AE577FD7C4C6'),(1712,'D2C45BDE5E7B97A730E7CE521D4C886F5830022076627F60BC1F32CE1F641D66'),(1206,'D2DABC4940F5FA3FA0C94C48BBED9F2D9B95DD6E6B7E77AAE12DC963B1B27E9A'),(455,'D355C0026BE424A25CEC1515AFD51BF8126F75581012BC92143E5C124A586417'),(1413,'D36B321783336948B21B40C90DE465D4E74E7B619D15C68D8D94994D1DEF7350'),(793,'D39C131BEC7C51871D16CDF48136EEC4898460110B03B7358824EB7D30EBD7B9'),(1871,'D39D4D767003DF1F2EF4D8AB0060FFFE98BA1F0656BEBA4F9DD30AC48C50EC45'),(713,'D3DCEFB5137423EE6B238199F1B5259188C4CD417CB09C02F3A655052C266E08'),(1903,'D3E8609904162E427CEC01FEF3ED968D92763D4779E5ACCB2CAF6C54A1FA67BC'),(767,'D423DF931A510E7658C45C3C1951FC61111D3AA0DA85C18A817BE711294AB83A'),(108,'D4407DC3408831A8698678350747D4C69C8D85EE62893AEFED2A2C92B7B361DF'),(1749,'D442F2F9AB9BBE21789F72752A70530B59CAE9B800A8ED0A13BAD15877FED890'),(363,'D45CAFBEC395B34216DBCF7824D8D6125EEF671C0396AA97F32E35356E17354D'),(1932,'D47AA06921493B9882598A08768617D3AD9490CAD45E23B6EA1CAB870277E431'),(1417,'D47EF13E616D8E66444B438C597EE45807927863FA91D5CEA0E2E2A44845FB95'),(1431,'D4D0D77BC185697D0D89D8E55532E899655A9E0ECF22DE7A2813C6203EECA403'),(1700,'D4D6347472D83CC8A3FCDA70101D3E3CDFC72A66C185262B59C969CA94A0A9A0'),(660,'D4DCDF1479C4CBE3E148F281743B3B2FA0D3027A64C08FCF0A006A18CFCE97A0'),(1303,'D4E4002A5ADCE41981ADE57692D953145D72C39481C91397060950A9364F2937'),(413,'D5013A113BCBDECECFF5949B23461B9EC859A9C514560E90E03B8C36C6B34F12'),(1506,'D59759F50C1241B4FFCA9761AA755FA55F5D509ACA5BDC70CE3D9DF515C9DA92'),(1458,'D5C27CE3E800661321DD96CDAA2DA8BF77FCA2B317DE76A69C9D95219D266EC0'),(1092,'D5D04E11B9D83F53E8689AF289BBAB3FB508223442308917977B745BC5403CBC'),(1713,'D5FBBB34A33C2D2467A6E66626AEC6B8A84699CE5733E00DDE9C4F56CA8FC8A2'),(1386,'D6004E2ACB2ED73F288AE6CDE205224EE2167311483F5870C9BDE67E76179611'),(808,'D68E791DB3BE99EC2B9084F928FF89A51C8A299480B68FC2B22D25383CA8E3EE'),(1118,'D68FA995B4703C6507CA132D91D38B6891F60122E6829462BA97AAB0109F8EE0'),(1433,'D699EDFECD1FE57CEE826C256E57044FAB5C0226DA581E33859F29D98DD4D56B'),(1738,'D6BE3FBE51DD40F16A9DF996EE13BF08338D74FD6EB3C7297049930482D22A1D'),(398,'D6BF936A262B1D192C6CC640584C2880AA9461A6CB9D1165DDDF7DEE00865FDC'),(1241,'D715C0AAFC6C4FF3394B095AC34557F75741B283A2FE127EEE1023C421E97079'),(1790,'D7382C1CC498A8F867AA2FA1858AA370B65581E8A31F27F7E04E27834F4B48A3'),(1894,'D745C7B5B2AE648B9FF94F5FCACF21AD364BD4960289DC1A17FBC22300609E0C'),(1664,'D75103C5EAAC860013E09C7C0D08CBACD3F456B010A067A7AA356C68FF1596D3'),(653,'D75634EDCE6DE1B3C1223BE549429CA7FC9FF00AE5724F714ACA923DCCDB6C75'),(1144,'D76E7E8EC35987FA05A313F51725855D08AB3AD555DFF0FD30775351816F867D'),(652,'D7773A37E65E4349109450B55B125982C07D0D32EFAD34F99A5783634B680D35'),(1495,'D7856BB3562421DF5E6B7EBEDBB53CFB4CD3933E8B67DA6E9671B94D2DCE3172'),(794,'D78A6C5D33CA2E138F011D2590A8CD5BA683B754BAFAD619340C36BF11819B20'),(1682,'D7AAFD73D8C9673D88D14A291F32ECE4D5CE7C1BA96CD499780D18B3A666460B'),(1660,'D7E2680918E4D18366AB424C247C5EB26123450DA61314537FC575783A5ED702'),(740,'D7E68937008F941AE1FC1696BDFC3BFC6B4A9BB0F5959199953F9062EBC7B28A'),(1039,'D7E9A1CDB473464F5E6739FA7AC097BA8DD70239AFEF979AA8EA715525C0F38E'),(1336,'D846F7540893855BF1764A58DE405878B71010163AA9EF7B0ED6FAC8BBBE62FF'),(1099,'D8713C4BF2B48E23638A1F817C187CFF4CFBD3CF57CFFCA6D797D6E7A192BA9B'),(883,'D88FE09FF6C0C47731C96FBEF75F72048584897508F578AE64192D876CA93663'),(1218,'D8A37A3B2FB1AEA4F795A7CF853C22F2E71EE753DDD118E1C8B704DBF0D8708C'),(957,'D8A565F1304062F19110342606C03B9E836164578ABA4C0C75CD6E77EEDE0E43'),(1879,'D8BB15223F2EBF98537532F45FF16C7889DE558C0C33A65BEB53D750BCC44A75'),(485,'D8D9468F2D9A3A5D7BFA52A0D53B01EA8E6533DA453075C186C87415E7169F4B'),(743,'D8EA8A7829D0B73C6E1863AE2432342C8A234A82C8658260069E01119A289FF9'),(1442,'D915A64DC8ACDE9A430EA3B0D28437D030021A6829DDD6B5E7A3F0355FA9B6C5'),(1333,'D91A80FF2A7E46F6B0C51F287056D3C453BA7E0C1C9999E5CED4961FD7093C0D'),(288,'D92374E73157D9AC5E16191D45D62190D9B0E2FFAF1EE5FB36C9FF161BD3B625'),(1524,'D938FDFE585B1DC33262670581D7AE0B58EC7BC8C5845A1C2368D5A6CA8CE0AE'),(1940,'D93E42E38E38E3A7DA39651BEDA545DBEA3004DCCB5809D6E3320BA30790EFC7'),(219,'D93F0E92E9B2532FFADC43FAA10F86889A7DE528779EFA9C871FA491BD3B7322'),(1237,'D98A76D3ACD9C435E596D8C78B3C318B0A3F1DD51A387A09F410884F87193259'),(1462,'D9BFBAD022BD4661BC74F5556B952ECAB3285278D514F60832E92D5AAD800C13'),(526,'D9C88492251E23778CC0AC2B57B03409D184A4001457520A551143DF476DB91A'),(326,'D9ED382A4CD6F85447A35AB529021809BFDC7DF7EAE814A79D1003C1EE58586A'),(630,'D9F992F819AFC99F63EC1DEA00517486E020D3104E2D6D47992F5AEBEE1F7D9F'),(981,'D9FA1A43EB7883184D2EC9EB03540494BC1C5E64CC0E5D61EEDA2E8260B3214B'),(1732,'D9FE8A6CB3C9C55686F6197BC4FA3C8A193077F1D23C1F414789075CFB7936F6'),(482,'DA003E60FC1D993D595E3972156C690392C93B01A813E8EAFC571D23BE5A19A5'),(60,'DA20DADBEA1EC9AF9EEED7A70A8227595970F3B42220C930F85C6CD8F732956C'),(1482,'DA5B3F8416466A0E03E74463F7CAEB78E3C35E3C62B8F0BF9F61C5D202FA75C4'),(1313,'DA64059403052D12CB81CE3BB4F94D0066503B900620BF61F3C18B6111DE6F54'),(1688,'DA6B32EA4D9980C06BC453016998E6DCD6536DB759F02D533825DB59838F4982'),(1305,'DABBDF96BF94D2688049EA8C21D7ACDB9D0749AE2F29004C26056DD23B11CB44'),(1355,'DB5109936D47A322FC582156B7A01E433AB5F6924A2193AAB1D4E6333D8BD921'),(1607,'DB5E27C684357E00FF2AE1644486F1120BD12DC0220B583C4F5CDB06A67C2499'),(732,'DBCFA0473F1C09AF08C09EAEF785A5E2C58CA5C94FA3BF2B18A4E58F8A38CEF0'),(987,'DBF17195EBB6843992FBAAC73299D2A32516A42C2CE9FD1619952C9CF4F94354'),(980,'DBF8BA28FCA769EEE6688F8721C3216CD97D4DAE83C769497681D42DAC10DF80'),(909,'DC02DB8A5417EE701FB49A80DCD5C27540F1B62365F7DEBEBBA9DD6B748ABC9A'),(1841,'DC1F511A2D977D347345162F56CA248B715CD8C7A25A3362C990B075D54E5F0A'),(1405,'DC273590277ECEC6AC58E02BDDD119E97669DEE6B06BC81FFB28FCC32112EB60'),(1173,'DC4FAA6838B12E114A6768323C8B3B9FABE0A88D2621FAE458FE8F39C695F5A2'),(1398,'DC56D09EF9E7C4280C26125303176E337D22012C8E399BA6C60F832DF1A1A390'),(993,'DC5D62A6496779410649B49BD1F9B37FF01D3BB18428E3E8EC2A0B12684CCDAC'),(160,'DC7489E6739AFD67114773BE33ED4B561055FB1805A1936C26C84C91BDFAD159'),(1066,'DC85FFDCFA86D555ECCFC25E4C1F2342D1D93D7438AC73E99CDB9DF713CBA998'),(506,'DCA003DD9F905D5E84C2AD013835331744496EA8BE1B69FE48A1DA6B869659D9'),(510,'DCA141DFE30E1DCBD82768141CAF3B810DD290CC60B8B82865B1DB833D776EA9'),(954,'DCB881F62F54E0C346CFE7C37C82A2DB1DD6B6D31E55C7FE841FAE5FF5B5B2CD'),(1723,'DCBC979DA29A00FC0060B69A8128CD3B87D0EA07BBE4317CD77A8AA411080C1A'),(671,'DCC7B66DBB3E58E06F6E7B917285C0C77ACE99AD6055D7ADA3FF6C5AE6FF5DC9'),(1040,'DCD60275C7C89AA0E24ABDD667DA6D0DE763910B6F6FA497F0309AFE4FBEF89B'),(766,'DCD800EE474A33AC646798EDE4DE86017DFBF3A5CE7921B78731E6C8A531DB17'),(42,'DCF49CDD1D72478D13DAD55F4BB93FFF5409226453A09277D1449EB339368BA8'),(1332,'DCF4D7D52C4F584FF553AEB3F7B6E399ECE252B6BF8DC5681442DB568F9B46A5'),(666,'DCFAF0E4BE7075BCA542B2DEE4F1F8E22177AD582B980DDEDF048E67155257EE'),(1289,'DCFEEA491203BCA798C8B8408046CBDE9FF49002BBEAB138AB62361A8431D33B'),(79,'DD04991AEA032C68D1400A2D54D4366D5984BCE5FCDBCC89E5E252DB129A63C2'),(669,'DD2A13F31736E6774FE56E1BCEED91BC90541EEF620331DBFBE55D6068291E19'),(1523,'DD3E411A91E7225D67052441EFD3EBE6F122BFA2922335F482AE4E54334A8393'),(369,'DD40ED8A5FB7BF749B3DAE59CD1EFC7F93E10799DCC501D0A7758B7DBB213528'),(327,'DD4241FFAD530B6E0ED05ECA23912FBC706C43EEB46E0115B8868EFCBC49D94D'),(365,'DD8966AC48AE89D7904BF0088332DD288F75FD53556DE9E7D74C87E9D617D8D5'),(94,'DDC178EE45872D9D24184FD8132EDC5B1882E7AF4756BD20CAEE14A350C6374D'),(250,'DDE2E419CA4C644B2B5B4B4D8AE2B023AEA6AB9830D294B97904D26165F4B5B5'),(1786,'DDE64122638342C93997F537D2FB73FF7F12364592782312222559CC0CA39C15'),(252,'DDE720BCDA1F9A4DC89C974AC05F60D6E6259737B4C84B1AF1BE955BFFA4BBED'),(1827,'DE069A60D9166EF99E820CDABE540ED32BEDF9FCA0FAE8436DD8AFDFAA5F6626'),(1085,'DE277F259EEC50246F560BAF4B29407D685ED79BFC2C6477953A3E7469C83EBE'),(247,'DE42316A9C8628C566C9B20A2089BBBE6659268C9DC4581C5FD68D3D560ECE71'),(697,'DEB47CC7CB3C564B130D7C055C6A71B8F77278ABE2F6E4B40925BAFD11262F1B'),(445,'DEBA487D6ED9029F9930379651F9004CBFD6B17E38A998787B40837ABEFB1A7B'),(1155,'DEC32A703FA80CDE2D4B85ADFD73E5E5041007FDC5937EE26D3CB57298AA3A0C'),(928,'DEC3F3EC68F5A2456A499DB962BD675D9116FB3DF62E9F6309D9559A6CA5B6D7'),(1848,'DECFFB13FF0B2DE8274354345754562F5E6F4B9F68E6733478835B472B2215E8'),(1878,'DEE3FC2C1E92C4981B405B795F945170C975E38F1F28AD068DF385F14DE122C7'),(1418,'DEEF5CDEDF1FD837F1EFB29482244C5BD40D646F790E0251F9B91F6BEA3C9473'),(291,'DEF79C67D3257543E9B24BE8AF30915A37E0286B7A9627B8270A3C6DDEA7503A'),(230,'DEFDE54D8ADB7EB516A1D52082C3507CC9C6D7ACC01BE5BAF9A63B7F4A079E7F'),(1909,'DF07EBD2F8B6FCF93B75193432D230265F025BC980937C21D391853344681E2C'),(1560,'DF36BDB17C7BFF344E16E6B37D25F4B1C842A3C959CBB4B56664072C062F812F'),(1711,'DF3982EDD3B91DE863FA3922C82E24949F9C1633D539A0D68C4B95D845A841BC'),(1032,'DF467818CB629DB897D263DE50C6453B5BDDDD67838EF02CDBFE6F27E062B5E2'),(1225,'DF489619319A92EC87A01345D16616A90CD5A601B1A43ADD9C2920F2323A425A'),(1526,'DF7062FA9B5320C8FCF85908361C4C9BFBF31A61E6F40D958274611D587DAD64'),(1194,'DF7AA0D19E30F2CB9E83150A8DFC05DC7762C1AE8CA105F4523483CD123A0DB3'),(287,'DFA2D98BDF236F40DE9DFDB89BB955E04579D1DD902582204B1D1E820910328B'),(1367,'DFAE177DCEB119FD230265E875C08EEF28903543059E464F58DFCC7C0E9D2017'),(43,'E01651E6DD38359C784982C6C0DC4B3D2FC93943130AEBEF2C5893A6E7D08062'),(394,'E04C34F34A322FA45C72ED18C2EF8F7D611A129B6C39C692B60E49E9999B66EF'),(830,'E0559DB3760D4E75253D618584044222A27A057BCA51A1538642E2E7A3EE5F06'),(702,'E05D31306D2269DF80B532C773579D2BC3D76F5FB5625D4D60C1B7025DAE892B'),(1005,'E0AF764B31C8D9E76A5B1A3CA3372D43EA0FA430C12693D63FB0A7D856BB0D05'),(1744,'E0B2E7080393B9876CA62E0B5B5A09D5CF63D44578EEE6BCE264DD35E28106A3'),(1876,'E0ED3D1DE56D2EBBCFC8294A67FEB3BB77B066A7251746B5D86C1BDE084330B7'),(1696,'E1368510E63638C82632E0D11C4D77219C2EC8AE81FEC5A7789C764C30315D15'),(1855,'E13864008EDE1369E3FCE47ABC8902BB2D458EE2252C0DE59BB3CC7DC3463F71'),(570,'E14C063B3AD32DEE583DD2F6A47E14207603407B45E1F748804ECE9F433E6290'),(835,'E1658DCD523840CD2EB1E12A3045E3BD2875F9140A4408645E78F05F31999D31'),(1981,'E1750D363FE4D5145F6FF805E8B90612588B681D177B48817BB0060CF0D2AE90'),(754,'E18949B2DAC5DC8D355DCAEB537510120299D388C05ADBA7BD717D1F692C8D43'),(1706,'E194E23664336D3A57412D221106DDFD1675841D50EAFE86C976DCF3FE34533D'),(1372,'E1ADE9B59FE49430DF1277E63454C8D911F89573AD61367EF3993AA11EC3A403'),(956,'E1C01506ABD2E36241EA08E18057F15718A9171B607D764DE0A6C39837924BDA'),(1075,'E1EFEF74B6CCAB72886B5BBC8153FAE647AC96B3739BF3607E7C17DEEEFAA48E'),(58,'E21FC8D23B0C1868E7C04ED69698564E32E1720F650424CD0EB2E9EB35F26992'),(1585,'E22C326A469FBBF8E239C87D849E047717FB2C3B435BC16D29C2EE54722B7232'),(1307,'E23E51E78E8C5C4385B5FE5EB358237D7AAD45FC150D4CC73E59F068AECD8258'),(530,'E25F82DD75F56E78552C83862F90B957C2A3EDED90A653969AA55FC0572887FC'),(380,'E2B56B60AA4B13DEF3F32E741EA7EAC2B36F56E16C033F6CD8202E321FF89054'),(1353,'E2DE5348FD98E9A0B403FB8A333D2942C92BA495BDA0CF7396D7DA473FD6FE30'),(294,'E2F45B7A4F5746AF8C73FDA5C4298EA5510448DC1F3F95DB4F48A915EBD202FB'),(698,'E30BEB3C6F0A8FA78FD0481EC05DF6465A7F1172020D2E81320FB1AB87BAAD55'),(871,'E3219F6D8BED0150B9E41B87CD4E579B053CE52EB0747B78F8FD0009A4C85BB9'),(1584,'E3292DE27362464E595445A96FC707AA758B850BB95BDF8B05CD689234FA8285'),(418,'E3662755A5BDA0558B693DEE79928DF8A9652288C7FBEBEDFC0887CB23D4BC69'),(1098,'E37494A4313107E7F5F99BC2169C540AADC224204B8695DD4006A1B66E25BD7A'),(735,'E38417D17088505FF4627940BB669F3DE6C98C40BE02C7495C694F6893DC4D90'),(139,'E3C2B22C574B7110A3DD25923D969D6E67831A8C9D333818F74C349887D827D6'),(1308,'E3CAE319635420DB7F4CC00CC6E5E0D2986C3C04DE981CE81EC18DD9458BCAB1'),(676,'E3EB23C897D243031CD7501299B48D8CE6D84DE8407BFB846EAE2B50005BF43B'),(62,'E4169ADA968AFDC07AAD05DDBB7296E95A0286E4EE1AE8C8380E731CB2A4ABBB'),(1569,'E44A58165AB909BE5D6DCF9FE518A279447CD79A5874E8ED12CC503DEB13DA2C'),(827,'E454D6435608A49FDADF9A29408AF29EFD706329473CB32FAF36D838A9797AD1'),(828,'E46FC8345738814CD4394F8CBAC79A00C1EDFCD2032DD4FD24272E215E6E05F7'),(467,'E495ADACF48C70AA55FB9DED0DE8F66288A9F52CAD5BD57C6685FCB47FAEF390'),(515,'E4BD5846891F540D50DF0D2B5F4B590BEFA3B1A1C8F6B81071E0794FF251C863'),(1810,'E4C4FEB4A0F7A216543588E02204E64B9F3AA7BF29B99DB62556AA594F79B2E7'),(1785,'E4C63C562A682A75A34A11D91E4E3F1F6E9DDD4D09061B2A76432DD91FD7F323'),(1182,'E545EAD2984DB3052E690F580C3659A4BE1C1DEFACEF75375A87D34C4A10C818'),(1201,'E5844478BE241F3B308DA30A6A4036BD189849FA73A27C62BBF9EF690C5B5236'),(1070,'E5AB8F21C0C43AA6161B5E4B0E64A6416C2FD9A058FE4072351A4A51D541B9C6'),(1014,'E5C0CD3A99DC7F3E69C92614A3970C24F85C5AAB63002F6CB0B18AB390520541'),(173,'E5F08EC76C194BD378B3BC7838DCE8F196CE251ACCFACEBEE67515E373C4F141'),(1539,'E616C27435BC5CAED91C5E42BF38040C38B943B7A99AF9657C30155CA6C7E4EC'),(21,'E625B0CBAC87593BAC8488BAB88477988C75218D077B4F55CA27BCD7085E10CB'),(813,'E62767CCC8823147FAAC516797508DF35DAF8EC74ACCA0AB9B6A22E86ED5F381'),(1231,'E63BCEFED1418B7326B1C4CE07A4A77B55C7119D350D692C45F67A81C5014FD3'),(1108,'E6409B2F0F8B28DE20E1A0861CD81B74D2F15B349BEBD40B43EDB0B7E113E820'),(1331,'E665E8A3F77C4A174BBA04661BDE5904010AF0E68128E81F1970D7DBB10F85AF'),(1933,'E69B49CAFF5A1EE3D0D4B4ECF728F146C77867D7C8569CC29C45338CE923C16D'),(1654,'E6D49C6E0AD357E8AD7237C60EFBB37CB85E367D3A04AD49E70D5E3BBB93520D'),(782,'E6F78417C74B0581022578CAB067774B6E694B5264207D1004F397DF10E64ECB'),(1627,'E70509086BACB8462CD670645D805BAC774594705F54E3FD8FFB4FD2D81710F0'),(1319,'E705AFC48627A4364F836CD5B892B0AABDFDC003EC66B53459C7997ABDF52B51'),(1270,'E71BA8040BFA3CB35C3B6C529073EE49A29177FDAF9B31B45FB3254172669A23'),(150,'E71FE00E22FC6DCC98307821CF3B578E1435983AFE6D2BBF566D01DFA03EA69E'),(1741,'E7365265DA4B128A7D3A6E333E5E5DDD3924DDF55BB2009BE92D81156B1A87F4'),(1501,'E799B6BAE284BCE3A610853041B6673282E3AE228ADB906709AB8A7885F43EC3'),(1053,'E7DC1CBC30C1571D7BE4FF534B513327C6627253717309AB1B92EC710D4C3383'),(404,'E7DDF47D778632BBE4F0AE3C3E35CC0D018146463EEDED182DDC901145A82A98'),(1500,'E7DFCD14393B1B24893E192885D2DFABD6A4FC5275A02C3ED6F613B5E0758558'),(1704,'E7F91FB73A72AA0886DD5BAF23AB565ED4F1C8BE5CBC225E0C27AAA83CAF7021'),(1503,'E84135B4FDDEA0259F4FE7C9A7316B060ED34EA23470C225E026A30178FA7031'),(1580,'E85858500D3ACB991966783F94DBC46F72A641FD9D68DA89822BFBEE6A584FE4'),(167,'E881B885BF5E725CF5AE9B0CEC3D9B8D2DD11396518D54CE17F3856F3E9CA295'),(1435,'E91E17F66B5E33174B84BC7620BFF82D971FCD8BEEFA069C6EF5E56F48610F02'),(1142,'E922597C7B6B5A2FDF831D055BAE5F74A1A7EBF4D3CA62C9CF894CCE802AD49A'),(494,'E962EDC3AD694671BFA40A116E404B3BA3BC6FD65D569DB22D3FBC112EC0C016'),(1364,'E965B4E94FFF2FABE4FC9A096E45B45732BD4B95DF37D3F9882C6481DF9F193A'),(1971,'E977908239DCF9E94FB9A4AD1548E9F5CF8F34FADC66461ED05A4F27939C22D0'),(1122,'E9BB8C91648538FD0834389C636D6F46ED746F98C2B6F06790E2678F36D7F30F'),(1617,'E9F807CA1BB5722D23A6CB6A7B5B8DAE48E4C16696C3F7578C3C7174347CD009'),(298,'EA000A4D3C111D1C5ECA6B7D5432A436A0623884B43B425C5D02A04BC71175A4'),(1114,'EA06D39C61BBEFAB8E57EB9409835A29C7126E97AAD62D4AA03D477847B849FA'),(1650,'EA27931AED6791613F81FC65BF04562D152A150A52636C244857F1CFC637D274'),(1758,'EA2F6529057A56EC99F1EC945817D9BB4B7F44C0615D99EDFAF03C9DAEBF3302'),(1889,'EA5036D2924BC4A25E87204E0CAD2191AEBC96BF9672365F802FEF169C907771'),(1376,'EA7AF62F171D1E03B3B4DB5992E9B1D1769389EC06E14A0492E1F4312A5B823F'),(527,'EA97D75CD9E0883D4E0BCE0CF55BC313402FAED5E0DB3CE4A354F500B00D9FC8'),(1655,'EAD9607F1AB186BFA841AFEC74E795725126E8BBD0E70BDA07FFBFE985F963C1'),(1987,'EADEA6B8C26DDCCEEB78C731C3DE245D0DEFD9DD4893125A938CD22038147C44'),(1946,'EB0CC663869B0892EE9ADDC5ADA975DCEEFE1B6157C90A60456BA9816506B5EC'),(1739,'EB12AE0B775E55128930D6003EED77AF1043A1E71DC320818BC01FC4EFF25C19'),(1978,'EB17125728F5C48029A14BA071547295F331D6415BA3ABDF2D57B74E88F9B135'),(323,'EB1D13043E4BCF038BAE9EB6861327F9FF09909587CC59E13D5FB89E2F1B39F3'),(1131,'EB3B9D9C512C2CA03C2F57A5A13396D8581978D37DA30FFEF8A3601BBE43B059'),(887,'EB77DB44CCD49D91887FF2E19238B2DF1D7EABF5DAD23B0C42933864F291890F'),(351,'EB783A4656FEA1799E6FC2EBBE456FC0E15B4DDC97ADDF05A6ED45DF136EF9B3'),(557,'EBA27A3D3B584E240792F618EE4B67FA9FBA234495F78732B4C1083B83DF8C68'),(737,'EBEDDBD85AF5F6021BDC27C6657893E5B0849F058D1CE02EDA9A171E8BB6DFDF'),(1908,'EC1018505D173062667EDDA7D6C513026EAA9813C25538D083683961B73D1EDF'),(1134,'EC12D704B8AA890615E1B07DE2FA553C803BA5DED9F09A3A907EFFF2FC8126EB'),(1962,'EC465ACA41EE0FB5C3084E58CD94AE457B4F1302D735000718F205819B8D1151'),(444,'EC4C611CF9CD7691039EFCD36A1738CEA7C0825D2794338836867C5DE538D75F'),(764,'EC56570B52BCCD4E74D97704CD9C60A1475D5446AE2DEAF5856C7AF063BE3A86'),(397,'EC566808F50827F7A004E43EEEEAF34A2DE82920F3D5226DAB3607C33EB8F21E'),(362,'EC74AD44563033E1ED9085D5E8FA2B687E618CC9AB1CD8364F5B9CABA6063628'),(71,'EC74C881F8587BE39A12513B5128EA8637C1233D88D96D147A282A80C8A60FA7'),(1559,'ECDD19870AA1EE9A0E132CAA6ECE334CE2B5E4DF1B3C6DFE5D755B64A6F632F2'),(690,'ECE5F9DA3A86539343BB01C2424C16D407310114361CB86DD9848657F0D9E3A5'),(1285,'ED531045A189BAD329730FE06B4CE8777AE296D5F8BA27D9EB0FA8857D13A900'),(336,'EDACB43542145C4D8DFA9412F2B8658DC7782F6BBE764051EF1A8A6242392754'),(1251,'EE0A19C985B28025251DDE78FE0EFBA17639C4649BE05C1678A17BC8CDB13E46'),(677,'EE118CEDFEE5E5F89825CBEE5E7021DAB5B3F6D692CEC50B23538E9CC8AF067E'),(644,'EE6D708A589E925DB50BC58A0FD070E329A50DAA5A126A392ED1AFCE82590820'),(1576,'EEA083C9AB96EC58263E121A311FF2D955F0B73CB1A1AB97B3C5EB9D15BDBF14'),(1802,'EEC0F9C7CC252068DDB73EBBEA9994AD3C6F71381EEA9B5519C5FED8A5DE3EF2'),(1395,'EEEDB1F31AED58EEAC5965E7F1495910D23B5C7E6302DA7C8BAD921B1BE45377'),(1690,'EEF2650FF95AD4DBE5C86F5ADDCCD71207EABE410909F055C58F966687C7286D'),(1535,'EF0C2AA81F0954D2169209957F6C4BF0C5D2026D31386864D5204F0FF12B8CE0'),(1753,'EF17E0B17B0DAFDB9AD7B442CBE9473E34A32F6EE2FEE035E5B7FD5054852A16'),(450,'EF6654BDF148A55C052FF1961A9E402A1E9B65DF1346480AD13C557414CD2712'),(1023,'EF6F93358530B294FA1E36D8A82193F3023CCB6B0E7B937666E5C155934DCAD4'),(696,'EF787F47F300622A5F9D1A9A0FE696DDF5543ADDAE7C210D56AD0B4B0046F89B'),(658,'EFB7358B905D1F90C77AA704E2F55C8D56E24CDA0A1E48BD94978BCA51F72CEE'),(1017,'EFD420ECC767F3D64FD174750B2B42D1CC9ED216C824754666F3F60DEDC4466A'),(513,'EFDD8AB695B67CCC74B125D5D2DFDB3437F3B25ECF6C91E42543557FA79C5A24'),(1548,'EFFB4642321C3A893583800009E783AD972256BAB99220387EA48C2D6861395F'),(1094,'F018C410A7DE56B21D4088CA6E6AA31E7DCDEC5793C08DBFFDB6A0C0A2249987'),(1514,'F04AA383E843C4ED988F51F96F3861352D5C231F64E00B8A90767346B9428D05'),(168,'F04CA654833DA6FFD5B98F11C6BAD263ACA8529FA916A24995667CD0AF4E2A31'),(768,'F05F433A50474532EFB975F162B16BAFB0052347A83274B634EE8F6D857002CE'),(1545,'F0DC63BBB8EC807BB966A9372F9329D42312838A1CB89EE2EFE17D45C7A5B140'),(151,'F0E6E981875ABA5BAB33B232DC44B9C81D6FCB1F68B29E1BF0E4D1CCB6260F56'),(548,'F0FBD5DB50B05185AF3AFC0805FCF0B4E7B413C8E5E133EECA3B6019DE2FB09E'),(1942,'F0FC51375FF9E2A384A83A9722939ACC103B0EA6F0F48C843FE530671C5F9D1F'),(635,'F10D540A978969259A70AB2984DAC0F8621EAC72750E05BBFBE8DC8B4511943C'),(425,'F10D992B737ECCA70B93D4545290882403B275B47C7D87BCE0C58008634FC50E'),(600,'F11181F511D548DBFC14C1C458A808F28752E7B108AC20C052736451244F7043'),(733,'F115DC45C98FB44D22A0E768A20FC0874D3F2CD0416055325537D269E30C0791'),(82,'F12C7754C0AB702A28BE5E461E275EAD3995F8D44EA34B64177172F7C18E06BD'),(1492,'F160DCF314D5A5C24FABA6FE85501F61242155E1223377B03414B2C7377E0B55'),(18,'F171E82E6E44CFF27732B22634D18FD47ED01102CA403CD5C3B10906EA6228FB'),(1242,'F1A0E6783B55FED6A4CD32E9AF80CA934155575248092D12E4B1AECD9EF5CAA6'),(1345,'F209E7E964767E294CFCDF3F85F14B2744BAFED79590921339717048A19384F2'),(621,'F21999D9A8269DC3A633A48F53AEB29704785E550380C22D1B53C647626BA1D6'),(1226,'F23118F580F15E17160D478A7FA42A01A5B2366245D402F5BEB2A6B4108B5274'),(1556,'F262EB685B81D6C61A42D26507E7DA189E12466415E192C51C5B936FC976DD44'),(119,'F27602950DC520A90703C66354ACC5F7054CB7F559AF1ED6B9421D8BBBC19F42'),(1825,'F2929302D79274B78598BCDA6DA9720282ADBC6706FE57CEE3021AA6EF2DA2B3'),(568,'F2A482A8EA7110BFBC441AD7F0111B39E13EFB3F8600DA60DC913376633C56C1'),(1945,'F2DDB9F2438B81C25AEDDF8CFC0C5AD8EBF190479D09BBFE7E573E87164427D4'),(1174,'F2E99DB2FE5D0952F09B4F585A6A339A0A4A132DE3257421409843A952178219'),(1452,'F30A6D96A50369FD04BB32B8B2B0288F83BFEF24F1136A4777E4F7BD7B76A020'),(1678,'F30D69DD14F1021BC51D8836BA414DCD9155BF7BDF6B920CBA6FD350328350FC'),(868,'F32EEF1DAAB2C633A07DF453974B0858DB98D4ABC0806804C30E004239DDEE60'),(608,'F334963A5B0276E30447840DDB1C1AFEB6F9EDD3DDEB66893B1F595D3189055C'),(222,'F33934AB59FFCC3B85F1CEAA88C2AB6AEE2561408A99E18DFD69366C7F464275'),(1667,'F3478D97045950961E4141695F655651C83A9283B477F46245FE1B9560F07AB3'),(232,'F361FDB7AED6836BDE770C2FA434AB50E84C43B45AF9861CCACE95D91BE0C2D9'),(1844,'F374D4F596F97B9A9E8254095958904CAAFF8FAAE7B1E7375786B7347B62510D'),(934,'F39661E11E967BC4DEB748564B488AA888EB65A1D31CD0894A3AF7D430EEE61C'),(1781,'F39D2EBC0BEB4321F643967E3FA6D50CDDB6A474AF3B6F73670B1D3465F53B54'),(715,'F3DA295F14BC7840ABE4A1B535CD104485C9699529F86077DF02960C3346B002'),(1767,'F3F029981B99E019D7951E4BE3DE98630834B4FABD82BC1317BC209FC631C258'),(569,'F404A7161F92BE97AD600FF6E5F0BF3F435404F381733FCEA3488BEDEAE4C1BC'),(307,'F41E4E0FBF456C0D2E788829881B9C5825AC30EE7E27DFCA04AAE7DD8228A40D'),(1669,'F45BD5DC151DB0779C00E54001BEBC301D34742763CE9544D84C09FDA7C19E63'),(1608,'F4669FF70DD6A7F0CD2623D038E397673FD9879716A15D6DF3E01AAF0EE479A5'),(1677,'F472950A051206F668D1D7A2731108C37CD2D92908FE5EBBFC174DBEAED6E466'),(1877,'F478EC89D442B3E47EB0D11E2D8D0436FDAC7A7A78BE89346B2D3CA2633D996E'),(516,'F48614D79D59DBF1EFD0B89C756FABB69BEB72D9338B87A1AB26B77C361DA551'),(240,'F48B8A028C16C5565BF1C562AED8415B841697ECBA8376CC217B9F8545D14BC2'),(333,'F4C9B12D51454C623ABE84FFBD74E0A59F3DB79509180F39D1C5BD083D68F187'),(1737,'F4EC665C04B1C6C1FDF90A7C6AFC051AC11D37B3E35A9B4475C83088AB809885'),(1139,'F512A2554ECF20F0C8695CADAE5797FAE303C8BB2D3E02CB964753FA5541C447'),(1718,'F538BAABA84DB2DE902B0282694BF42DFD6BE2C0EF371BB0C0C738C6408DB686'),(1721,'F58226DB0B421BC7356585226333F531F2CBF0F7AB9B84D5E9110CD72A536E65'),(1964,'F596D9CD2F8777F26F27C8B9093E37B0A2EFF835A855E7C76B95F9BA701D0230'),(532,'F5B30B6EC41737CFF3772873E9085BC4700F62C9F5D8E1CF155DE83C108CB925'),(427,'F5CDB3BDB8645EC52689CBDB8F2E0CE3C9E72CD228D5AB046066933856323E16'),(1760,'F5D5AB364413049073F8633F8FCE1025F4625D42534F9185DC8AF82CDAD01C0C'),(1222,'F60CF1C7557F48D630F4451CD6C2FF19806644A0849C88F84AE326DEB35A6A86'),(1948,'F61757594FEE597AB58C555A19E23ADEE2930A7186B5A2D9E8A3FAC7E817600A'),(1451,'F61BA841C36C2B7BEA35641C0EA39336ED4EB82C84695103CB5DD8F8F95D47F2'),(1779,'F65E199E395D5865B6F6E21ABA008A638CC3E3CFCC8D95833B098F64FCD21C22'),(1238,'F662CD31EE008FBA1971E2738529816AF5CCC06E67A8C7D41392C5EEB1A31249'),(74,'F669DA2DCED6096363539203B2534A90EBA26F999A82BEBE670AB85B0CC3A9A1'),(242,'F6A6CE5851C6C6F0A52E35C05C7ACC67FFDC7595053871489AB7EF84693DF64D'),(1714,'F6CE05EAF08CC1FA82E277E8E11C02A2055299F725EC88E404DA4EF43E7113D2'),(745,'F6E134E4E5C080D4C0FFDCBA902B768C5B347DC99B145C13B9772C3D611B5BB7'),(1467,'F6F8DA1077F0944C1996273DE3106C0136CC385C5A6B304C1F23B18B37E1B521'),(171,'F715A0BB7552D866EE6D4F7C72C85B963C50244AE610F56568738AA897487238'),(1069,'F790771CF53152CD737A94811AD2B4106B293A6EC5D4938B727A7E504267364D'),(85,'F7BA126BD577B2FC4E890DB50B762EED02C23A6C652E3ED00258B732956D23A0'),(1010,'F7C86E0633AAF90F854A35F170D83AD3424F9B59F94BCAC8BB2F9178A2F77A6F'),(1166,'F7EF8655C0B129F1990C23E53F8C5313475F5F16C4C54A69F0CAFF21F261F580'),(1875,'F7FD925698A5D6A3482128DFD7D88A619208A0DE47DB8A8947D7628EB1D22214'),(576,'F80F4D02EFAFF9A4CA057DCBB9DE1FD76FF44F7E623AE794CF7CCC6CA9569EC0'),(1029,'F810DEE1A8EC2FA5875142624B47D9F075F343143C04E7C804CCEC4B420943CE'),(1921,'F81122FFE673BBB7C5651C379E828B9EDF304016887EDB986958CB36ABBB2BDE'),(495,'F81F5BAF78140F2D0BB182FB45A7FA2EA9D6D654BCE927DE5794F8C4B5BEF2DC'),(777,'F8314C2AE1CED5FE2CA7D57B4725472D76B4DA47ED7B267476C837FCE5787B19'),(1478,'F841CD1397BE9D169BCF31A8D7C2FE298A373BC1D7EB91CC4CF73867FF141055'),(370,'F84EC143D834DD98B97508E11384E3C574A60C43D1FE4AB5687DD41218572FCA'),(306,'F887A80E9F374965EA8D51A82445C68615C08D9FECBC7D318611FF5D47100D4A'),(1024,'F8B829EDF815C2B72EF943FA1512B9E90379D9CF68255600B0F5FBCF5230609C'),(1567,'F8E85E6EDF8007E6E6396F3370800260FD5CC21B708940E35FA13EC2CF5CC8AB'),(1701,'F8EE66C816B88D43AE13F2EAF4684D4E1828F7141BC9EF075425DDB2A2449097'),(559,'F8F3A6DACE2A250414C54E7819C63047C52CA8ACADE091F2C47E00A0DCC68B73'),(428,'F8FCA118E49C9DF34F6217D46643B04AB4A0A80EE0DCB919EB0C19E64AE4EF92'),(906,'F943DB4BB31563B42F547ED560B7B27BD2E07B987088B0099261C2F0247B7F1C'),(198,'F94B6D5BD9B83E66A83DE847D374945DDFE3E5C0C77EE918EA9FDE0653324F13'),(1782,'F9956AE25BBB08E1FA23732DAE8D128AD28FFD00377E6005E579F686A35BC118'),(393,'F999C37D400635B5BD094AAF863C7D270D97B770DC1E56278B17942EC6DA4B13'),(204,'F9CAC05EE678FD4FB07E6F7F10487ABB5E8913FCFEF7DE9A5EB9149233C85452'),(902,'F9E0F442859715EBA67DDF276175638B43025F9441B429E92164D7BA26526E01'),(1034,'FA290C67C906B343536FBCA2D53940E0C322B5F35FDEA6D414ED89ADF021CF3B'),(748,'FA790308051199437D8936C7A7DD8698D8D5AA3323A3717BCC7F263C8AC4BFCF'),(382,'FA7A00C140F7257AB5C7039F61BBA042B05E6E8C5D713805B68474B4279BDE1D'),(1253,'FA7AC2A5DCD81281FF001A83277CE1660FAF3CA58B35CACB05446A83CACA4F1A'),(657,'FAC553F9B808EC7FAD54B1C9F3AA5DE241251CD902F91CB244DC3A5612A38BCE'),(371,'FAC9615EF5E3C9144B523D0C888256CED2B8EFCDA7CC1574F5D4F099F4779030'),(486,'FAEA4538416FD248E5ECA1045687DD4049CE8797AB4DF0800CD35D09A1E912DC'),(553,'FAFD976F49DA62AEA0C98EBE6F61BEAE9A834D2AB42C2D8970A7E3B6574DFBF8'),(1079,'FB09656CC05C28A573F783C56E011B4AF897C6EA90AEB8E2AA07E11FB01235C3'),(1460,'FB52D92231E2C37E3425B4EE49002320135760828E9A161FD9C8D9B270C0A577'),(1233,'FB628CE3A6E737ACF4BC6F94E64FD84CB1C64CF2F0CD166A03555F62D2ED2D80'),(1915,'FB807FEB4BFF3D150C147AE22D6F06583A0AC28D78419DA79C6357901938A508'),(1230,'FB8E1F4E3184F442AAA14DB5B45F193977F0A2B1028B479A726E53F07A9483CB'),(90,'FBA329240E8AE7F2D30B12F0F0772870B60CB856B5FA0066946C28B47E9C6FB5'),(893,'FBB0A5E4694B32DE900CE1E65E8FBD3D3DC5D3A4915F6A0DE011F5B2E17E9390'),(1798,'FBD909F7F6680ADB07AA86F27763AF01A3847E39694C380F87B3C3DD9ED9CFE2'),(65,'FBDAF32D091080E17EBBF59143E0F7F4CEC184BF32D75DDBFFD6E47CC2A21F83'),(1311,'FBE188749E12022C145335AC2283231B0145309A111E8A48D6268256B0F8F229'),(616,'FBEDA47821DA06A5FB5A9550469754291F6AC4ED6E70D1A054F5D083C3EA49B6'),(267,'FC60A64DD05CB33F2D389493B3A24A225CA3D5FB37854144143D741095A7F0B2'),(1725,'FCD8F3891C77F34CF2FD9F5015AD3A5E038C234DCEA1D44943884D1D6E0A7D86'),(1983,'FCDD3E7703210FE0FEE00A01614BB54F5ABEE39820DEAE74A4AB6B78F78B30E7'),(511,'FCE58015FE83F7B0ADB19AA95D6002974D584C0353FBA847125B90A6817AE69D'),(724,'FD24CE5F802A3FFD48AB52F7E22DA7DE26989C4728DA63FD8CA864FA9E6B41F6'),(47,'FD3120A4B592534F8646C19E140159354058EF34709FCBB300669EB0647D50AA'),(1693,'FD3BC0C23981B43E07D87EDD53AC98B0D07FBAE3626146949D8E903AF5FF6BFF'),(523,'FD4875DFA6882642099A4EDA7EF74266F01C1F7BC7325628805C841FFB91598C'),(607,'FD4CC83FF0909DE127CDA02EE5FCB0D544DA6498CF78D5EA8B2C64D134696091'),(1674,'FD4E389914EB9AC8220C9E0664F169F193F6063B809C4B6C60623B4F5F41BB4C'),(1805,'FD93BC7419497F57B52AC581D46C8676D8E08A47BBD03B354E70A5CA8949CDAA'),(1354,'FDC4C41E0016371108292549D70CF1AF4AE97CEC8292622545E929F85A9F5FDC'),(24,'FDC69D2F7BF35E1391A04DA0FBF9EF7FB3B8570C91724E893E80B7E82874F159'),(821,'FDD0CDA88CBBA2A94247FFEAC0CAE6DC06BC71D276F47FCE1314B1640E83BC7C'),(214,'FDE3CFB50AFCF4D404BDDAE860805614AF1082E0511C332DDDFC094C1422465F'),(579,'FDEC43D705F51595FBA3C98D59B67FE60E4DBB1F9AA8539DDA5816B18E208B7F'),(1102,'FDF2782C2BD9F0E9BB54776E13DB28640D67848BC1A09880164C7A78D1CAD767'),(662,'FE02DBB7FA0D6688E3E0E0123E0814CF6BBD162FE256B78673A4621FF59DA45F'),(716,'FE044A2462387499D0E344A6CAD3BC3259EDAC2D2B64B74E73C105F41705AEAF'),(1026,'FE04C0B0D4784F62E1385DCF4865D3BCC1041A68F1165D03534C0AC9E026EC5C'),(1912,'FE51401CA6D4932CD629686D5F9D462DE64E8F4BA42BF7BDE3EC1FC352947D8A'),(1671,'FE5C5FA88B494D870363B9001529B4B5BA8748799EFB0250264AFA9DD86351D7'),(400,'FEB983709F3BD26490B2C40624CE631921B1DD439C6010CD1964693BF5718336'),(617,'FEBA49DF107B14359F6231EA93CFEEB15908CFDE60779E5F1173D132330DF85B'),(164,'FEC29B98D32D878E7572EA6FDA82E4CCA8DF8FCF927376015A2058B9440193D6'),(237,'FEE3100F21F1FBACF45C884CDF8B5FC175EB8CF56838C1CAC9203B6EF9610C2A'),(1843,'FEE687EAF5B57809E972CDEC943E84931DEA85C6ED6CB09A93DBDC89F16D90DA'),(1824,'FEEEE6ADF1189DAD52C2EE2E4C1E602481AAB133E6761399E10907D40EA077F1'),(1297,'FF4F80B52F538A3C680643FD4E0F9C66110231834D31A7A58D7D715FEF3B83F0'),(727,'FF74B8F6CA573B86128459017B2D1C9CA001C1A0595EEB68C95F9D64C2BD8462'),(1184,'FF76EF1019CFB1B0DFFDA2634CA7D64E0601658672758AE88BF0901755D10C3B'),(1119,'FF98694DCDE0CBF52AF26E6926B1741B4F66D0ED21B572438A1CEB8A1A0DB367'),(1129,'FFB4D94E662B7D69DDC5D6D2B00405E18F70C4ADC53AA99DDA7768E3BB6C4A77');
/*!40000 ALTER TABLE `APIKEY` ENABLE KEYS */;
UNLOCK TABLES;

--
-- Table structure for table `BANDWIDTH`
--

DROP TABLE IF EXISTS `BANDWIDTH`;
/*!40101 SET @saved_cs_client     = @@character_set_client */;
/*!40101 SET character_set_client = utf8 */;
CREATE TABLE `BANDWIDTH` (
  `ID` int(6) unsigned NOT NULL AUTO_INCREMENT,
  `BANDWIDTH` int(15) NOT NULL,
  `PRICE` int(15) NOT NULL,
  `EDIT_DATE` datetime DEFAULT CURRENT_TIMESTAMP,
  PRIMARY KEY (`ID`)
) ENGINE=InnoDB AUTO_INCREMENT=6 DEFAULT CHARSET=latin1;
/*!40101 SET character_set_client = @saved_cs_client */;

--
-- Dumping data for table `BANDWIDTH`
--

LOCK TABLES `BANDWIDTH` WRITE;
/*!40000 ALTER TABLE `BANDWIDTH` DISABLE KEYS */;
INSERT INTO `BANDWIDTH` VALUES (1,100,23,'2020-05-14 16:04:45'),(2,200,46,'2020-05-14 16:04:59'),(3,300,69,'2020-05-14 16:05:12'),(4,400,92,'2020-05-14 16:05:21'),(5,500,115,'2020-05-14 16:05:35');
/*!40000 ALTER TABLE `BANDWIDTH` ENABLE KEYS */;
UNLOCK TABLES;

--
-- Table structure for table `BILLING`
--

DROP TABLE IF EXISTS `BILLING`;
/*!40101 SET @saved_cs_client     = @@character_set_client */;
/*!40101 SET character_set_client = utf8 */;
CREATE TABLE `BILLING` (
  `ID` int(11) NOT NULL AUTO_INCREMENT,
  `BILL_DATE` datetime NOT NULL,
  `DUE_DATE` datetime NOT NULL,
  `COMPANY` int(11) NOT NULL,
  `SUBSCRIBE` int(11) NOT NULL,
  `CURRENCY` varchar(10) DEFAULT NULL,
  `CHARGE` decimal(8,2) NOT NULL,
  `CUT_OFF_DATE` datetime NOT NULL,
  `IS_PAID` tinyint(2) NOT NULL,
  `ORDER_NUMBER` varchar(20) NOT NULL,
  `ORDER_TYPE` varchar(20) NOT NULL DEFAULT 'monthly',
  PRIMARY KEY (`ID`),
  KEY `B$IE1` (`COMPANY`)
) ENGINE=InnoDB AUTO_INCREMENT=10 DEFAULT CHARSET=latin1;
/*!40101 SET character_set_client = @saved_cs_client */;

--
-- Dumping data for table `BILLING`
--

LOCK TABLES `BILLING` WRITE;
/*!40000 ALTER TABLE `BILLING` DISABLE KEYS */;
INSERT INTO `BILLING` VALUES (1,'2021-02-11 22:53:20','2021-03-13 22:53:20',1,1,NULL,33.50,'2021-03-20 22:53:20',1,'B58C073912E5662','monthly'),(7,'2021-02-15 10:38:42','2021-02-16 10:38:42',7,7,NULL,0.00,'2021-02-16 10:38:42',1,'DDB9F2FCA0CCC67','monthly'),(8,'2021-02-15 11:56:55','2021-02-16 11:56:55',8,8,NULL,0.00,'2021-02-16 11:56:55',1,'B7A41CB8AC144D9','monthly'),(9,'2021-02-16 14:38:08','2021-02-17 14:38:08',11,11,NULL,0.00,'2021-02-17 14:38:08',1,'14B858A9317FB79','monthly');
/*!40000 ALTER TABLE `BILLING` ENABLE KEYS */;
UNLOCK TABLES;

--
-- Table structure for table `BLOG_POST`
--

DROP TABLE IF EXISTS `BLOG_POST`;
/*!40101 SET @saved_cs_client     = @@character_set_client */;
/*!40101 SET character_set_client = utf8 */;
CREATE TABLE `BLOG_POST` (
  `ID` int(11) NOT NULL AUTO_INCREMENT,
  `IMAGE` longtext,
  `IMAGE2` longtext,
  `TITLE` text NOT NULL,
  `CONTENT` longtext NOT NULL,
  `DATE` datetime NOT NULL,
  PRIMARY KEY (`ID`)
) ENGINE=InnoDB AUTO_INCREMENT=81 DEFAULT CHARSET=latin1;
/*!40101 SET character_set_client = @saved_cs_client */;

--
-- Dumping data for table `BLOG_POST`
--

LOCK TABLES `BLOG_POST` WRITE;
/*!40000 ALTER TABLE `BLOG_POST` DISABLE KEYS */;
INSERT INTO `BLOG_POST` VALUES (75,'Effective Communication in a Business_square.jpg','Effective Communication in a Business-2.jpg','Effective Communication in a Business','PHA+Q29tbXVuaWNhdGlvbiBpcyBvbmUgb2YgdGhlIG1haW4gYXNwZWN0cyBpbiBidWlsZGluZyBhIGJyYW5kIG9yIHRoZSBidXNpbmVzcyBpdHNlbGYgYmVjYXVzZSBpdCBpcyBjb25uZWN0ZWQgd2l0aCBwZW9wbGUgYm90aCBpbnNpZGUgYW5kIG91dHNpZGUgeW91ciBjb21wYW55LiBFZmZlY3RpdmUgY29tbXVuaWNhdGlvbiBzdHJlbmd0aGVucyB0aGUgcmVsYXRpb25zaGlwcyBiZXR3ZWVuIGFuIG9yZ2FuaXphdGlvbiBhbmQgYWxsIG9mIGl0cyBzdGFrZWhvbGRlcnMgYW5kIGJlbmVmaXRzIHRoZSBvcmdhbml6YXRpb24gaW4gbWFueSB3YXlzOyBFZmZlY3RpdmUgcHJvYmxlbSBzb2x2aW5nOyBlYXJseSB3YXJuaW5nIG9mIHBvdGVudGlhbCBwcm9ibGVtczsgYm9vc3QgcHJvZHVjdGl2aXR5O3N0cm9uZ2VyIGJ1c2luZXNzIHJlbGF0aW9uc2hpcDsgY2xlYXJlciBhbmQgcGVyc3Vhc2l2ZSBtYXJrZXRpbmcgbWVzc2FnZTsgbG93ZXIgY29tcGFueSB0dXJub3ZlciBhbmQgaW1wcm92ZSBib3RoIGVtcGxveWVlIGFuZCBjdXN0b21lciBzYXRpc2ZhY3Rpb24uPC9wPjxwPjxicj48L3A+PGgzPjxzdHJvbmc+VXJnZW5jeSBvZiBjb21tdW5pY2F0aW9uIHNraWxsczwvc3Ryb25nPjwvaDM+PHA+V2hlbiB5b3UgY29uc2lkZXIgdGhlIGluY3JlZGlibGUgYW1vdW50IG9mIHRpbWUgcGVvcGxlIHNwZW5kIGNvbW11bmljYXRpbmcgb24gdGhlIGpvYiwgeW91IHdpbGwgbm90aWNlIGhvdyBpbXBvcnRhbnQgdGhlIHZhbHVlIG9mIGNvbW11bmljYXRpb24gaXMuIE9uZSByZXNlYXJjaCwgcHVibGlzaGVkIGluIEJ1c2luZXNzIE91dGxvb2ssIGJhc2VkIG9uIHRoZSByZXNwb25zZXMgZnJvbSBvdmVyIDEwMDAgZW1wbG95ZXJzIGF0IEZvcnR1bmUgMTAwMCBjb21wYW5pZXMgZm91bmQgdGhhdCBlbXBsb3llZXMgc2VuZCBhbmQgcmVjZWl2ZSBhbiBhdmVyYWdlIG9mIDE3OTggbWVzc2FnZXMgZXZlcnkgZGF5IHZpYSBtb2JpbGUsIGVtYWlsLCBmYXhlcywgcGFwZXJzIGFuZCBmYWNlLXRvLWZhY2UgY29tbXVuaWNhdGlvbnMuIFNvbWUgYW5hbHlzdHMgaGF2ZSByZXBvcnRlZCB0aGF0IHRoZSBhdmVyYWdlIGJ1c2luZXNzIGV4ZWN1dGl2ZSBzcGVuZHMgYWJvdXQgNzUlIHRvIDgwJSBvZiB0aGUgZGF5IG9uIG9yYWwgb3Igd3JpdHRlbiBjb21tdW5pY2F0aW9uLjwvcD48cD48YnI+PC9wPjxoMz48c3Ryb25nPkxlYWQgdG8gYmV0dGVyIGNoYW5jZSBvZiBwcm9tb3Rpb248L3N0cm9uZz48L2gzPjxwPk1vcmUgdGhhbiA5MCBwZXJjZW50IG9mIHRoZSBwZXJzb25uZWwgb2ZmaWNpYWxzIGF0IDUwMCBVUyBidXNpbmVzc2VzIHN0YXRlZCB0aGF0IGluY3JlYXNlZCBjb21tdW5pY2F0aW9uIHNraWxscyBhcmUgbmVlZGVkIGZvciBzdWNjZXNzIGluIHRoZSAyMXN0IGNlbnR1cnkuIFRlY2huaWNhbCBwZW9wbGUgd2l0aCBnb29kIGNvbW11bmljYXRpb24gc2tpbGxzIGVhcm4gbW9yZSwgYW5kIHRob3NlIHdobyBhcmUgd2VhayBjb21tdW5pY2F0b3JzIHN1ZmZlci4gV2lsbGlhbSBTY2hhZmZlciwgaW50ZXJuYXRpb25hbCBidXNpbmVzcyBkZXZlbG9wbWVudCBtYW5hZ2VyIGZvciBjb21wdXRlciBnaWFudCBTdW4gTWljcm9zeXN0ZW1zLCBtYWRlIHRoZSBwb2ludCBlbXBoYXRpY2FsbHk6ICJJZiB0aGVyZSdzIG9uZSBza2lsbCB0aGF0J3MgcmVxdWlyZWQgZm9yIHN1Y2Nlc3MgaW4gdGhpcyBpbmR1c3RyeSwgaXQncyBjb21tdW5pY2F0aW9uLuKAnTwvcD48cD48YnI+PC9wPjxoMz48c3Ryb25nPlRyYWluaW5nIGVtcGxveWVlcyBpbiBjb21tdW5pY2F0aW9uIGZvciBpbXByb3ZlZCBwcm9maXRhYmlsaXR5PC9zdHJvbmc+PC9oMz48cD5XaGV0aGVyIHlvdSBhcmUgY29tcGV0aW5nIHRvIGdldCBhIGRyZWFtIGpvYiBvciB0byB3aW4gdGhlIGN1c3RvbWVycywgeW91ciBzdWNjZXNzIG9yIGZhaWx1cmUgZGVwZW5kcyB0byBhIGxhcmdlIGRlZ3JlZSBvbiB5b3VyIGFiaWxpdHkgdG8gY29tbXVuaWNhdGUuIFNpbmNlIHlvdXIgY29tbXVuaWNhdGlvbiBwbGF5cyBhIGtleSByb2xlIHRvIGltcHJvdmUgZWZmaWNpZW5jeSBhbmQgcXVhbGl0eSwgdGhpcyBpcyBob3cgY29tbXVuaWNhdGlvbiBsZWFkcyB5b3VyIGNvbXBhbnnigJlzIHN1Y2Nlc3MuPC9wPg==','2021-01-13 09:34:13'),(76,'How to improve it_square.jpg','How to improve it.jpg','How to Improve Communication','PHA+Q29tbXVuaWNhdGlvbiBwbGF5cyBhIGZ1bmRhbWVudGFsIHJvbGUgaW4gYnVzaW5lc3M7IGVzdGFibGlzaGluZyBzdHJvbmcgYnVzaW5lc3MgcmVsYXRpb25zaGlwcywgZGVsaXZlcmluZyBpZGVhcywgZW5nYWdpbmcgY3VzdG9tZXJzLCBhbmQgaGVscGluZyB0aGUgdGVhbSBzdXJwYXNzIGNoYWxsZW5nZXMgbGlrZSBkaWZmaWN1bHQgY29udmVyc2F0aW9ucy4gQmVsb3cgYXJlIHRoZSBiZXN0IHByYWN0aWNlcyB0aGF0IHdpbGwgaGVscCB5b3UgdG8gaW1wcm92ZSBjb21tdW5pY2F0aW9uIGluIHlvdXIgYnVzaW5lc3M6PC9wPjxwPjxicj48L3A+PGgzPjxzdHJvbmc+QXdhcmU8L3N0cm9uZz48L2gzPjxwPkFzIGFuIGVtcGxveWVyLCB5b3UgbmVlZCB0byBiZSBhY3RpdmVseSBhd2FyZSBvZiB3aGF0IHlvdXIgY3VzdG9tZXIgd2FudHMgYW5kIHlvdXIgZW1wbG95ZWUgaGFzIHRvIHNheSBldmVuIGlmIHlvdSBkb24ndCBhZ3JlZSB3aXRoIGl0LiBXaGVuIHlvdSBzaG93IHRoYXQgeW914oCZcmUgbGlzdGVuaW5nLCB5b3UgY2FuIG1ha2UgdGhlbSBmZWVsIHJlc3BlY3RlZC48L3A+PHA+PGJyPjwvcD48aDM+PHN0cm9uZz5DcmVhdGUgYSBjb21tdW5pY2F0aW9uLWZyaWVuZGx5IHdvcmtwbGFjZTwvc3Ryb25nPjwvaDM+PHA+Q3JlYXRpbmcgYSBjb21tdW5pY2F0aW9uLWZyaWVuZGx5IHdvcmtwbGFjZSBpcyB5b3VyIHJlc3BvbnNpYmlsaXR5IGFzIGEgYnVzaW5lc3Mgb3duZXIuIFRoYXQgd2F5LCB5b3Ugd2lsbCBoYXZlIGEgY2xlYXIgYW5kIGNvbnN0YW50IGZsb3cgb2YgY29tbXVuaWNhdGlvbiBpbiB5b3VyIGNvbXBhbnkuIEZpcnN0LCBzZXQgdGhlIGV4YW1wbGUgYnkgYXNraW5nIHF1ZXN0aW9ucyBvciBldmVuIGNvbW11bmljYXRpbmcgeW91ciBmZWVsaW5ncy4gU2Vjb25kLCBlbmNvdXJhZ2Ugc29jaWFsIGludGVyYWN0aW9ucyBieSBidWlsZGluZyByZWxhdGlvbnNoaXBzIHdpdGggeW91ciBlbXBsb3llZXMuIExhc3QsIGFsd2F5cyBrZWVwIHlvdXIgZG9vciBvcGVuIGJ5IHJlbWluZGluZyB5b3VyIGVtcGxveWVlcyB0aGF0IHlvdeKAmXJlIGFsd2F5cyB0aGVyZSBmb3IgeW91LjwvcD48cD48YnI+PC9wPjxoMz48c3Ryb25nPkhhdmUgYSBmYWNlLXRvLWZhY2UgY29tbXVuaWNhdGlvbjwvc3Ryb25nPjwvaDM+PHA+QWx0aG91Z2ggaXQgY2FuIGJlIG11Y2ggZWFzaWVyIHRvIGNvbW11bmljYXRlIG9uIHRoZSBwaG9uZSwgbm90aGluZyBjYW4gcmVwbGFjZSB0aGUgaW1wb3J0YW5jZSBvZiBmYWNlLXRvLWZhY2UgY29udmVyc2F0aW9uLjwvcD48cD48YnI+PC9wPjxoMz48c3Ryb25nPlVzZSB0aGUgcmlnaHQgY29tbXVuaWNhdGlvbiB0b29sczwvc3Ryb25nPjwvaDM+PHA+QXBhcnQgZnJvbSBoYXZpbmcgZmFjZS10by1mYWNlIGNvbW11bmljYXRpb24sIGl0J3MgYWxzbyBpbXBvcnRhbnQgdG8gdXNlIGEgdG9vbCB0byBpbXByb3ZlIGNvbW11bmljYXRpb24gaW4geW91ciBjb21wYW55LiBZb3UgY2FuIHN0YXkgaW4gY29udGFjdCB3aXRoIGJvdGggeW91ciBlbXBsb3llZXMgYW5kIHlvdXIgY3VzdG9tZXJzIHVzaW5nIHRoZSBsYXRlc3QgdGVjaG5vbG9neSBzdWNoIGFzIFVDIGFuZCBDUGFhUy4gQWRkaXRpb25hbGx5LCB0aGlzIGNvbW11bmljYXRpb24gdG9vbCBhbGxvd3MgeW91ciBlbXBsb3llZXMgdG8gY29ubmVjdCB3aXRoIG9uZSBhbm90aGVyIGFuZCB3aXRoIHRoZSBjdXN0b21lciBhcyB3ZWxsIGluIHJlYWwtdGltZS4gVGhpcyB3aWxsIHN1cmVseSBzYXZlIHRpbWUgYW5kIGJvb3N0IHByb2R1Y3Rpdml0eSBpbiB0aGUgY29tcGFueS48L3A+','2021-01-13 09:35:00'),(77,'Enhance your Business with Video Call_square.jpg','Enhance your Business with Video Call.jpg','Enhance Your Business with Video Call','PHA+QXMgdGhlIHF1YWxpdHkgb2YgbW9iaWxlIG5ldHdvcmtzIGltcHJvdmVzIGFuZCB0aGUgaW5jcmVhc2luZyBwb3B1bGFyaXR5IG9mIHZpZGVvIGNhbGwgc2VydmljZXMgbGlrZSBGYWNlVGltZSwgbWFraW5nIGEgdmlkZW8gY2FsbCBoYXMgYmVjb21lIGFsbW9zdCBhcyBuYXR1cmFsIGFzIG1ha2luZyBhIHBob25lIGNhbGwgb3Igc2VuZGluZyBhIHRleHQuIEludGVncmF0aW5nIHZpZGVvIGNoYXQgaW50byB5b3VyIGN1c3RvbWVyIHNlcnZpY2UgaXMgYSBsb2dpY2FsIHdheSB0byBjb21tdW5pY2F0ZSB3aXRoIGN1c3RvbWVycy48L3A+PHA+VmlkZW8gaXNu4oCZdCBqdXN0IGFub3RoZXIgY2hhbm5lbC4gVmlkZW8gY2FsbCBzaWduaWZpY2FudGx5IG91dHBlcmZvcm1zIGFsbCBvdGhlciBleGlzdGluZyBjaGFubmVscyBpbiB0aGUgbW9tZW50cyB3aGljaCBtYXR0ZXIgbW9zdC4gU2VsZi1zZXJ2aWNlIHRvb2xzIHN1Y2ggYXMgY2hhdGJvdHMgb3IgSVZScywgb3Igb3RoZXIgbG93ZXItY29zdCBjaGFubmVscyBsaWtlIHRleHQgY2hhdCBzdGlsbCBoYXZlIHRoZWlyIHBsYWNlIGZvciBtb3JlIHRyYW5zYWN0aW9uYWwgdGFza3MuIEJ1dCB3aGVuIGl0IGNvbWVzIHRvIGhhbmRsaW5nIGEgaGlnaC1yaXNrIG9yIGhpZ2gtcG90ZW50aWFsIHNpdHVhdGlvbiwgc3VjaCBhcyBhIGN1c3RvbWVyIHdobyB3YW50cyB0byB0ZXJtaW5hdGUgYSBzdWJzY3JpcHRpb24sIG5vdGhpbmcgY2FuIGJlYXQgdmlkZW8gY2FsbC48L3A+PHA+VmlkZW8gY2FsbCBnaXZlcyB5b3UgYW4gb3Bwb3J0dW5pdHkgdG8gY29udmVydCBhIGhpZ2gtdmFsdWUgcHJvc3BlY3Qgd2hvc2UgcHJvZmlsZSBtYXRjaGVzIHNwZWNpZmljIGNyaXRlcmlhIG9yIHdobyBzaG93cyBpbnRlcmVzdCBpbiBhIGhpZ2gtdmFsdWUgcHJvZHVjdC4gTW9zdCBpbXBvcnRhbnRseSwgdGhyb3VnaCB2aWRlbyBjYWxsIHlvdSBjYW4gZGVsaXZlciB5b3VyIHNtaWxlIHRvIHlvdXIgY3VzdG9tZXIsIGl0IHdpbGwgaW1wcm92ZSBjdXN0b21lciBleHBlcmllbmNlLiBJbiBhIHdvcmxkIHRoYXQgaXMgbW9yZSBkaWdpdGFsIGFuZCB3aGVyZSBtb3N0IGludGVyYWN0aW9ucyBhcmUgZmFjZWxlc3MgeW91ciBjb25zdW1lcnMgY2FuIGdldCBsb3N0IG9yIGZydXN0cmF0ZWQuIFZpZGVvIGNhbGwgaGVscHMgeW91IHRvIGJ1aWxkIG9uIHRoZSBjb252ZW5pZW5jZSBvZiBkaWdpdGFsIGFuZCBicmluZyB0aGUgaHVtYW4gdG91Y2ggYmFjaywgd2l0aCBhIHNpZ25pZmljYW50IGVmZmVjdCBvbiBrZXkgY3VzdG9tZXIgZXhwZXJpZW5jZSBtZXRyaWNzLjwvcD48cD5QYWxpbyBhcyBDUGFhUyBwcm92aWRlcnMgZW5hYmxlIHlvdSB0byBlbnJpY2ggeW91ciBhcHAgZmVhdHVyZXMgc3VjaCBhcyB2aWRlbyBjYWxsIHdpdGhpbiBtaW51dGVzLiBDaGVjayBvdXQgUGFsaW8gd2Vic2l0ZSB0byBoYXZlIGEgY2xlYXIgdmlkZW8gY2FsbCB3aXRoIGxvdyBiYW5kd2lkdGggYW5kIGxhdGVuY3kgZm9yIGEgYmV0dGVyIGV4cGVyaWVuY2UuIE5vIG1hdHRlciB3aGF0IGluZHVzdHJ5IHlvdSB3b3JrIGluLCBtb3JlIGNvbW11bmljYXRpb24gbWVhbnMgYmV0dGVyLjwvcD4=','2021-01-13 09:35:44'),(78,'all about CPaaS_Square.jpg','all about CPaaS.jpg','All About CPaaS','PHA+TGVhZGluZyBjb21wYW5pZXMgYXJlIG9mdGVuIGRlZmluZWQgYnkgdGhlaXIgYWJpbGl0eSB0byBjb21tdW5pY2F0ZSBib3RoIGludGVybmFsbHkgYW5kIGV4dGVybmFsbHksIGNvbnZleWluZyBldmVyeXRoaW5nIGZyb20gdGhlaXIgc3RyYXRlZ2ljIHZpc2lvbiBkb3duIHRvIHRhY3RpY2FsIGV4ZWN1dGlvbiB3aXRoIHRoZSBzYW1lIGNsYXJpdHksIHByZWNpc2lvbiwgYW5kIHNwZWVkLiBDb21tdW5pY2F0aW9uIFBsYXRmb3JtIGFzIGEgU2VydmljZSAoQ1BhYVMpLCBzdWNoIGFzIFBhbGlvLCBtYWtlIHRoZSBjb21wYW5pZXMgZWFzaWVyIHRvIHNlY3VyZWx5IHJlYWNoIHRoZWlyIGZ1bGwgY29tbXVuaWNhdGlvbiBwb3RlbnRpYWwuPC9wPjxwPkJlbmVmaXRzIG9mIGJ1aWxkaW5nIG1vYmlsZSBjb21tdW5pY2F0aW9ucyBzdWNoIGFzIFRleHQgbWVzc2FnaW5nIGlzIGEgZ3JlYXQgcGVyc29uYWwgY29tbXVuaWNhdGlvbiB0b29sLCBidXQgaXQgaXMgaGFyZGx5IGFwcHJvcHJpYXRlIGluIG1hbnkgYnVzaW5lc3Mgc2V0dGluZ3Mgc2luY2UgaXQgcmVxdWlyZXMgYSBzZWN1cmUgY29tbXVuaWNhdGlvbiBjaGFubmVsIHRoYXQgZml0cyBlYXNpbHkgaW50byB0aGVpciBleGlzdGluZyBpbmZyYXN0cnVjdHVyZSBhbmQgd29ya2Zsb3cuIEltYWdpbmUgeW914oCZcmUgdXNpbmcgYW4gb25saW5lIHRyYXZlbCBhZ2VuY3kgcGxhdGZvcm0gYW5kIHlvdSBoaXQgdGhlIHdyb25nIHNjaGVkdWxlIGFuZCByZXF1aXJlIHRlY2huaWNhbCBzdXBwb3J0LiBVc3VhbGx5IHRoYXQgbWVhbnMgZXhpdGluZyB0aGUgYXBwIGluIG9yZGVyIHRvIGNhbGwgb3IgZW1haWwgeW91ciBwbGF0Zm9ybS4gTGVzcyB0aGFuIGlkZWFsLCBib3RoIGZvciB5b3UgYXMgYSBjb25zdW1lciBhbmQgZm9yIHRoZSB0cmF2ZWwgYWdlbmN5LiBUaGUgdHJhdmVsIGFnZW5jeSBhbHNvIGJlYXJzIHRoZSBjb3N0cyBvZiBoYW5kbGluZyBjb21wYW55IGNvbW11bmljYXRpb25zIHRocm91Z2ggdmFyaW91cyBjaGFubmVscy48L3A+PHA+Q1BhYVMgY29tZXMgYXMgYSBzb2x1dGlvbiB0byBidWlsZCBjb21tdW5pY2F0aW9ucyB0b29scyBkaXJlY3RseSBpbnRvIGVudGVycHJpc2UgYXBwcywgdGhlIG9uZXMgeW91ciBlbXBsb3llZXMgYW5kIGN1c3RvbWVycyBhcmUgYWxyZWFkeSB1c2luZy4gV2h5IGJvdGhlciBnb2luZyB0aHJvdWdoIHRoaXJkIHBhcnRpZXMgd2hlbiB5b3UgY2FuIGVuZ2FnZSB3aXRoIHlvdXIgY3VzdG9tZXIgZGlyZWN0bHk/IFdpdGggaW50ZWdyYXRlZCBjb21tdW5pY2F0aW9ucyB5b3UgY2FuIGRvIG1vcmUgdGhhbiBqdXN0IG1lc3NhZ2luZywgYnV0IGFsc28gdm9pY2UgYW5kIHZpZGVvIGNhbGwsIGxpdmUgc3RyZWFtaW5nLCBzY3JlZW4gc2hhcmluZywgYW5kIGNoYXRib3QuPC9wPjxwPkNQYWFTIGlzIHNvZnR3YXJlIHRoYXQgYWN0cyBhcyBhIGNvbXBsZXRlIGZyYW1ld29yayB3aXRoIGV2ZXJ5dGhpbmcsIHdpdGggQ1BhYVMgZGV2ZWxvcGVycyBjYW4gcXVpY2tseSBpbnRlZ3JhdGUgY29tbXVuaWNhdGlvbiBmZWF0dXJlcyB0byB0aGVpciBleGlzdGluZyBhcHAgdmVyeSBxdWlja2x5LCBldmVuIFBhbGlvIHN0YXRlZCB0aGF0IGV2ZXJ5b25lIGNvdWxkIGltcGxlbWVudCBmZWF0dXJlcyBpbnRvIHRoZWlyIG1vYmlsZSBhcHBzIHdpdGhpbiBtaW51dGVzLkNQYWFTIHNvZnR3YXJlIGFsc28gc2VydmVzIGFzIGEgYmFjay1lbmQgZm9yIGNvbW11bmljYXRpb24sIHNvIGRldmVsb3BlcnMgZG9uJ3QgbmVlZCB0byBidWlsZCBhbmQgbWFpbnRhaW4gdGhlaXIgb3duLjwvcD48cD5DcmVhdGluZyBhcHBzIHdpdGggQ1BhYVMgaXMgYm90aCBjaGVhcGVyIGFuZCBmYXN0ZXIgdGhhbiB0cmFkaXRpb25hbCBkZXZlbG9wbWVudC4gSXQgYWxsb3dzIGEgYnVzaW5lc3Mgb2YgYW55IHNpemUgdG8gZW1wbG95IGludGVncmF0ZWQgcmVhbC10aW1lIGNvbW11bmljYXRpb25zLiBObyB3b25kZXIgdGhlIENQYWFTIG1hcmtldCBpcyBjdXJyZW50bHkgb24gZmlyZS4gUGFsaW8gY29tZXMgaW4gYXMgdGhlIGZpcnN0IENQYWFTIHByb3ZpZGVyIGluIEluZG9uZXNpYSBhbmQgd2UgYmVsaWV2ZSB0aGF0IGNvbW11bmljYXRpb24gaXMgdGhlIGNvcmUgb2YgZXZlcnkgc3VjY2Vzc2Z1bCBlbnRlcnByaXNlLiBObyBtYXR0ZXIgd2hhdCBpbmR1c3RyeSB5b3Ugd29yayBpbiwgbW9yZSBjb21tdW5pY2F0aW9uIG1lYW5zIGJldHRlci48L3A+','2021-01-13 09:36:35'),(79,'Blog_1-min.jpg','Blog_1-min.jpg','Benefits of In-App Messaging for Better Customer Engagement','PHA+TW9yZSBhbmQgbW9yZSBjb21wYW5pZXMgYXJlIGFkZGluZyBpbnN0YW50IG1lc3NhZ2luZyBhcyBhIGNoYW5uZWwgZm9yIGN1c3RvbWVyIHNlcnZpY2UsIHdpdGggcG9wdWxhciBwbGF0Zm9ybXMgc3VjaCBhcyBGYWNlYm9vayBNZXNzZW5nZXIgYW5kIFdoYXRzQXBwIG9uIHRoZWlyIGRlc2t0b3BzLiBUaGlzIGlzIGJlY2F1c2UgY3VzdG9tZXJz4oCZIGNvbW11bmljYXRpb25zIGFyZSBiZWNvbWluZyBpbmNyZWFzaW5nbHkgZGlnaXRhbCB3aGV0aGVyIGl04oCZcyB3aXRoIGZyaWVuZHMgb3IgZmFtaWx5IG9yIHdpdGggdGhlIGJyYW5kcyB0aGV5IGxvdmUuIFNvbWUgY29tcGFuaWVzIGFyZSByZWNvZ25pemluZyB0aGlzIHRyZW5kIGJ5IHRha2luZyBpdCBhIHN0ZXAgZnVydGhlciBhbmQgcHV0dGluZyBtZXNzYWdpbmcgZGlyZWN0bHkgaW4gdGhlaXIgYXBwcyDigJMgdGhpcyBpcyB3aGF0IHdlIG1lYW4gYnkgaW4tYXBwIG1lc3NhZ2luZy48L3A+PHA+PGJyPjwvcD48aDI+PHN0cm9uZz5XaHkgZG9lcyBJbi1BcHAgbWVzc2FnaW5nIG1hdHRlcj88L3N0cm9uZz48L2gyPjxwPjxicj48L3A+PHA+SW4tYXBwIG1lc3NhZ2luZyBpcyBhIHNpbXBsaWZpZWQgd2F5IG9mIGNvbW11bmljYXRpbmcgd2l0aCBhIHVzZXIgd2l0aGluIGFuIGFwcC4gSXRzIGludGVyZmFjZSBpcyBzaW1pbGFyIHRvIHRoZSBwb3B1bGFyIG1lc3NhZ2luZyBhcHBzIHdlIGhhdmUgYWxyZWFkeSBtZW50aW9uZWQuIE9uZSBvZiBpdHMgYmVuZWZpdHMgaXMgdGhhdCBpdCBhbHNvIGFsbG93cyB1c2VycyBhbmQgY3VzdG9tZXIgc2VydmljZSBhZ2VudHMgdG8gZXhjaGFuZ2UgbWVkaWEsIHN1Y2ggYXMgcGhvdG9zLCB2b2ljZSBtZXNzYWdlcywgYW5kIG9mIGNvdXJzZSBlbW9qaXMuPC9wPjxwPlVubGlrZSBsaXZlLWNoYXQsIGluLWFwcCBtZXNzYWdpbmcgdXNlcyBhc3luY2hyb25vdXMgY29tbXVuaWNhdGlvbiwgdGhpcyBtZWFucyB0aGF0IHlvdSBkbyBub3QgaGF2ZSB0byBzdGF5IGNvbm5lY3RlZCB3aGlsZSB3YWl0aW5nIGZvciBhIHJlc3BvbnNlLiBBIGN1c3RvbWVyIGlzIG5vdGlmaWVkIG9mIG5ldyBtZXNzYWdlcywgYW5kIHRoZSBjb252ZXJzYXRpb24gaGlzdG9yeSBpcyBrZXB0LiBUaGlzIG1ha2VzIHRoZSB3aG9sZSBjdXN0b21lciBzZXJ2aWNlIGV4cGVyaWVuY2UgbXVjaCBtb3JlIHN0cmVhbWxpbmVkIGFuZCBjdXN0b21lcnMgYXZvaWQgd2FpdGluZyB1bmFibGUgdG8gZG8gYW55dGhpbmcgZWxzZS48L3A+PHA+PGJyPjwvcD48aDI+PHN0cm9uZz5TbyB3aGF0IGFyZSB0aGUgYmVuZWZpdHMgb2YgSW4tQXBwIG1lc3NhZ2luZz88L3N0cm9uZz48L2gyPjxwPjxicj48L3A+PGgzPjxzdHJvbmc+SW5jcmVhc2UgaW4gZW5nYWdlbWVudDwvc3Ryb25nPjwvaDM+PHA+SW1wbGVtZW50aW5nIGluLWFwcCBtZXNzYWdpbmcgY2FuIGZvc3RlciBpbmNyZWFzZWQgZW5nYWdlbWVudC4gRm9yIGV4YW1wbGUsIFViZXIgdXNlcyBpbi1hcHAgbWVzc2FnaW5nIHRvIGFsbG93IGN1c3RvbWVycy9yaWRlcnMgdG8gc2VuZCBtZXNzYWdlcyBkaXJlY3RseSB0byB0aGVpciBkcml2ZXIgb25jZSB0aGV5IGJvb2sgYSByaWRlLCBhbmQgdmljZSB2ZXJzYS4gVGhlIHVzZXLigJlzIGNoYXQgZmVhdHVyZSBzaG93cyBhbGwgdGhlIGRyaXZlciBkZXRhaWxzIGluY2x1ZGluZyB0aGUgbmFtZSwgdmVoaWNsZSB0eXBlIGFuZCBudW1iZXIgcGxhdGUuIENsZXZlciBhZGRpdGlvbnMgc3VjaCBhcyBtZXNzYWdlLXJlYWQgcmVjZWlwdHMgZm9yIGN1c3RvbWVycyBhbmQgcmVhZC1hbG91ZCBjYXBhYmlsaXR5IGZvciBkcml2ZXJzLCBpbXByb3ZlIHRydXN0IGFuZCByZW1vdmUgZHJpdmVyIGRpc3RyYWN0aW9ucy48L3A+PHA+SW4tYXBwIG1lc3NhZ2luZyBjYW4gYWxzbyBpbmNyZWFzZSBhbiBhcHDigJlzIHN0aWNraW5lc3MgKGlmIHlvdSBhZGQgbW9yZSBmZWF0dXJlcywgY3VzdG9tZXJzIHdpbGwga2VlcCBhbmQgdXNlIHRoZSBhcHAgbW9yZSBvZnRlbikuIFN0aWNraW5lc3MgaXMgZXNzZW50aWFsLCBpdCBsZWFkcyB0byBicmFuZHMgdGhhdCBhcmUgbWVtb3JhYmxlIGFuZCBzdGF5IGluIHRoZSBoZWFydHMgYW5kIG1pbmRzIG9mIGNvbnN1bWVycy48L3A+PHA+Q29tcGFuaWVzIHB1dCBhIGxvdCBvZiByZXNvdXJjZXMgaW50byBjcmVhdGluZyBicmFuZGVkIGFwcHMsIHNvIGl04oCZcyBpbXBvcnRhbnQgdG8ga2VlcCB0aGUgdW5pbnN0YWxsIHJhdGUgbG93IGJ5IGtlZXBpbmcgdGhlIHVzZXIgYmFzZSBpbnRlcmVzdGVkIGluLCBhbmQgdXNpbmcgdGhlIGFwcC4gSW4tYXBwIG1lc3NhZ2luZyBjYW4gYmUgYSB3YXkgdG8ga2VlcCB0aGUgYnJhbmQgZnJvbnQgb2YgbWluZCB3aXRoIG5vdGlmaWNhdGlvbnMgb3IgcHJvbW90aW9ucyBjdXJhdGVkIGZvciB0aGF0IHVzZXIgc2VudCBhcyBtZXNzYWdlcy4gUGVvcGxlIGxvb2sgYXQgdGhlaXIgcGhvbmUgb24gPGEgaHJlZj0iaHR0cHM6Ly93d3cuYnJhaW4tc2hhcnBlci5jb20vZW50ZXJ0YWlubWVudC9ob3ctb2Z0ZW4tbG9vay1waG9uZXMtZGF5LyIgdGFyZ2V0PSJfYmxhbmsiPmF2ZXJhZ2UgNTIgdGltZXMgYSBkYXk8L2E+LCBnaXZpbmcgdGhlbSBhIHJlYXNvbiB0byBtYWtlIG9uZSBvZiB0aG9zZSBhIGxhdW5jaCBvZiB5b3VyIGFwcCwgdG8gdmlldyBhIG5vdGlmaWNhdGlvbiBvciBwcm9tb3Rpb24sIHdpbGwgaGVscCBpbmNyZWFzZSBlbmdhZ2VtZW50LiA8YSBocmVmPSJodHRwczovL3d3dy5tb2JpbGVtYXJrZXRpbmdtYWdhemluZS5jb20vaW4tYXBwLW1lc3NhZ2luZy1wdXNoLW5vdGlmaWNhdGlvbnMtbW9iaWxlLW1hcmtldGluZy1rdW11bG9zIiB0YXJnZXQ9Il9ibGFuayI+U3RhdGlzdGljczwvYT4gc3VnZ2VzdCB0aGF0IGFkZGluZyBpbi1hcHAgbWVzc2FnaW5nLCBsZWFkcyB0byBhIG1pbmltdW0gMzAlIGluY3JlYXNlIGluIGFwcCBsYXVuY2hlcyBhbmQgYmV0dGVyIGVuZ2FnZW1lbnQuPC9wPjxwPjxicj48L3A+PGgzPjxzdHJvbmc+U2VhbWxlc3MgRXhwZXJpZW5jZTwvc3Ryb25nPjwvaDM+PHA+T25lIG9mIHRoZSBrZXkgYWR2YW50YWdlcyBvZiBJbi1hcHAgbWVzc2FnaW5nIGlzIHRoYXQgY3VzdG9tZXJzIGNhbiBzZW5kIHlvdSBlbnF1aXJpZXMgZGlyZWN0bHkgd2l0aGluIHlvdXIgYXBwbGljYXRpb24uIEl0IGJlY29tZXMgZnJpY3Rpb25sZXNzLCBlbmFibGluZyBhIGNvbnRpbnVvdXMgY3VzdG9tZXIgZXhwZXJpZW5jZSB0aGF0IHB1dHMgdGhlbSBkaXJlY3RseSBpbiB0b3VjaCB3aXRoIGFuIGFnZW50IHRoYXQgY2FuIGhlbHAuIEJlY2F1c2UgYSBjdXN0b21lcuKAmXMgYWNjb3VudCBpZGVudGlmaWVzIHRoZW0gaW4gdGhlIGFwcCwgdGhlaXIgZGF0YSBpcyBhY2Nlc3NpYmxlIHRvIHRoZSBhZ2VudHM7IGN1c3RvbWVycyBkb27igJl0IGhhdmUgdG8gcmVwZWF0IGluZm9ybWF0aW9uIGFuZCB0aGUgYWdlbnQgZG9lcyBub3QgbmVlZCB0byBzd2l0Y2ggYmV0d2VlbiBhcHBzIG9yIGJyb3dzZXJzLjwvcD48cD5XaGVuIGl0IGNvbWVzIHRvIGFnZW50cyBvciBtYXJrZXRpbmcgc2VuZGluZyBJbi1hcHAgbWVzc2FnZXMsIHRhcmdldHMgYW5kIHRpbWluZyBtdXN0IGJlIG1hbmFnZWQgd2VsbC4gVGhpcyBoZWxwcyBlbnN1cmUgdGhlIHJpZ2h0IGNvbnRleHQgZm9yIHN0YXJ0aW5nIGNvbnZlcnNhdGlvbnMgYW5kIGVuc3VyZXMgY3VzdG9tZXIgZXhwZWN0YXRpb25zIGFyZSBtZXQuIENvbnRleHR1YWwgYW5kIHBlcnNvbmFsaXNlZCBtZXNzYWdlcyBjYW4gbWFrZSBhIGh1Z2UgZGlmZmVyZW5jZSBpbiB0aGUgY3VzdG9tZXIgam91cm5leSwgcmVtb3ZpbmcgZnJ1c3RyYXRpb25zIGFuZCBhaWRpbmcgdGhlIHNhbGVzIGNvbnZlcnNhdGlvbi48L3A+PHA+PGJyPjwvcD48aDM+PHN0cm9uZz5ObyBkZXBlbmRlbmN5IG9uIG90aGVyIG1lc3NhZ2luZyBwbGF0Zm9ybXM8L3N0cm9uZz48L2gzPjxwPlVubGlrZSBleHRlcm5hbCBtZXNzYWdpbmcgYXBwcyBzdWNoIGFzIFdoYXRzQXBwIGFuZCBGYWNlYm9vayBNZXNzZW5nZXIsIHlvdSBvd24gYWxsIHRoZSBkYXRhIGluIHlvdXIgYXBwLCBpbmNsdWRpbmcgbWVzc2FnaW5nLiBUaGlzIGlzIHZlcnkgaW1wb3J0YW50LCBhcyB5b3UgZG9u4oCZdCB3YW50IHRvIGJlIGJlaG9sZGVuIHRvIHRoaXJkIHBhcnRpZXMgb24gaG93IGl0IGlzIHVzZWQuIEFsc28gZnJvbSBhIHVzZXIgZXhwZXJpZW5jZSBwZXJzcGVjdGl2ZSwgeW91IGFyZSBub3QgZGVwZW5kZW50IG9uIHRoZSB1c2VyIGhhdmluZyBhY2NvdW50cyB3aXRoIGJvdGggeW91IGFuZCBhIHRoaXJkIHBhcnR5IG1lc3NhZ2luZyBwcm92aWRlciBpbiBvcmRlciB0byBjb250YWN0IHlvdS4gV2hlbiB0aGV5IG5lZWQgdG8gc3BlYWsgd2l0aCB5b3UsIHRoZXkgc2hvdWxkIG5vdCBoYXZlIHRvIGNyZWF0ZSBhbiBhY2NvdW50IHRvIGRvIHNvLCBwbHVzIHlvdSB3b3VsZCBuZWVkIHRvIGNvbm5lY3QgdGhhdCBhY2NvdW50IHRvIHRoZWlyIGNvbXBhbnkgYWNjb3VudCDigJMgY3JlYXRpbmcgcGFpbmZ1bCBpbnRlZ3JhdGlvbiBpc3N1ZXMuPC9wPjxwPkluLWFwcCBtZXNzYWdpbmcgaXMgYSBncmVhdCB3YXkgdG8gYWR2YW5jZSB5b3VyIGN1c3RvbWVyIGNhcmUgZWZmb3J0cy4gSXQgaXMgYSBiZXR0ZXIgY3VzdG9tZXIgZXhwZXJpZW5jZSwgeW91IG93biB0aGUgZGF0YSwgYW5kIGNlbnRyYWxpc2UgdGhlIHVzZXIgZXhwZXJpZW5jZSBpbiB5b3VyIGFwcC4gV2l0aCBhIGNvbnZlcnNhdGlvbmFsIHN0eWxlIHRoYXQgaXMgbW9yZSBwZXJzb25hbCwgaXQgY2FuIGhlbHAgYnJhbmRzIGJ1aWxkIHRydXN0IGFuZCBsb3lhbHR5LCBhbmQgZXZlbiBpbXByb3ZlIHJldmVudWUgYXMgYSByZXN1bHQgb2YgaW1wcm92ZWQgY3VzdG9tZXIgZW5nYWdlbWVudC48L3A+','2021-01-13 09:39:10'),(80,'Blog_2-min.jpg','Blog_2-min.jpg','Push Notifications vs. In-App Messaging: Which one suits your business?','PHA+VXNlcnMgY29udmVydCB0byBwdXJjaGFzZSB0aHJlZSB0aW1lcyBtb3JlIG9mdGVuIGluLWFwcCB0aGFuIG9uIHRoZSBtb2JpbGUgd2ViLiBUaGF04oCZcyB3aHkgaW5zdGFsbGF0aW9uIGRyaXZlcyBtYW55IGFwcCBkZXZlbG9wbWVudCBkZWNpc2lvbnMuIEJ1dCB3aGF0IGFib3V0IHRob3NlIHdobyBkb3dubG9hZCB5b3VyIGFwcCBhbmQgdGhlbiBmb3JnZXQgYWJvdXQgeW91PzwvcD48cD5TbWFydHBob25lIHNjcmVlbnMgYXJlIHByaW1lIHJlYWwgZXN0YXRlOyB0aGUgYXZlcmFnZSB1c2VyIGhhcyAzNiBhcHBzIGluc3RhbGxlZC4gR2V0dGluZyBzb21lb25lIHRvIGRvd25sb2FkIHlvdXIgYXBwIGlzIGFuIGVub3Jtb3VzIGNoYWxsZW5nZSwgYnV0IGl04oCZcyBvbmx5IGhhbGYgdGhlIGJhdHRsZS4gVGhhdOKAmXMgYmVjYXVzZSA8YSBocmVmPSJodHRwczovL3VwbGFuZHNvZnR3YXJlLmNvbS9sb2NhbHl0aWNzL3Jlc291cmNlcy9ibG9nLzIxLXBlcmNlbnQtb2YtdXNlcnMtYWJhbmRvbi1hcHBzLWFmdGVyLW9uZS11c2UvIiB0YXJnZXQ9Il9ibGFuayI+MjEgcGVyY2VudCBvZiBwZW9wbGUgYWJhbmRvbiBhbiBhcHAgYWZ0ZXIgb25lIHVzZTwvYT4uIEV2ZW4gd29yc2UsIHRoZSBhdmVyYWdlIG1vYmlsZSBhcHAgcmV0ZW50aW9uIHJhdGUgaXMgMjAgcGVyY2VudCBhZnRlciA5MCBkYXlzLiBUaGF04oCZcyByaWdodDogODAgcGVyY2VudCBvZiBwZW9wbGUgd2lsbCBkdW1wIHlvdSB3aXRoaW4gdGhyZWUgbW9udGhzLiBIb3cgY2FuIHlvdSByZXRhaW4gdGhvc2UgY3VzdG9tZXJzPzwvcD48cD5BbnN3ZXI6IENvbW11bmljYXRpb24uIFN0dWRpZXMgc2hvdyBpbmNlbnRpdmVzIGNhbiBwcm9tcHQgcmVuZXdlZCBpbnRlcmVzdCBpbiBhcHBzLiBUaGVyZSBhcmUgdHdvIG9wdGlvbnM6IHB1c2ggbm90aWZpY2F0aW9ucyBhbmQgaW4tYXBwIG1lc3NhZ2luZy4gQXMgeW91IGRldmVsb3AgeW91ciBhcHAsIHlvdeKAmWxsIG5lZWQgdG8gZGVjaWRlIHdoaWNoIG1ldGhvZCBtYWtlcyBzZW5zZS48L3A+PHA+PGJyPjwvcD48aDM+PHN0cm9uZz5UaGUgRGlmZmVyZW5jZSBCZXR3ZWVuIFB1c2ggTm90aWZpY2F0aW9ucyBhbmQgSW4tQXBwIE1lc3NhZ2luZzwvc3Ryb25nPjwvaDM+PHA+PGJyPjwvcD48cD5QdXNoIG5vdGlmaWNhdGlvbnMgYXJlIG1lc3NhZ2VzIHRoYXQgPHN0cm9uZz5wb3AgdXAgaW4geW91ciBzbWFydHBob25lLCBlaXRoZXIgdGhlIHN0YXR1cyBiYXIgb3IgbG9jayBzY3JlZW4uPC9zdHJvbmc+IFRoZXkgdXN1YWxseSBnbyBhd2F5IG9uY2UgeW91IHNlZSB0aGVtLiBXaGVuIGRvd25sb2FkaW5nIGFuIGFwcCwgeW91IG1heSBoYXZlIHNlZW4gYSBwcm9tcHQgYXNraW5nIHlvdSB0byBhcHByb3ZlIHB1c2ggbm90aWZpY2F0aW9ucy48L3A+PHA+V2hpbGUgcHVzaCBub3RpZmljYXRpb25zIGNhbiBhcHBlYXIgYW55dGltZSwgaW4tYXBwIG5vdGlmaWNhdGlvbnMgPHN0cm9uZz5vbmx5IGFwcGVhciB3aGlsZSBzb21lb25lIGlzIHVzaW5nIHRoZSBhcHAuPC9zdHJvbmc+IFRoZXNlIHBvcC11cCBtZXNzYWdlcyB0eXBpY2FsbHkgcHJvdmlkZSBpbmZvcm1hdGlvbiB0aGF0IGFzc2lzdHMgYSB1c2VyIHdpdGggc29tZSBvZiB5b3VyIGFwcOKAmXMgZmVhdHVyZXMuPC9wPjxoMz48YnI+PC9oMz48aDM+PHN0cm9uZz5UaGUgUHJvcyBhbmQgQ29uczwvc3Ryb25nPjwvaDM+PHA+PGJyPjwvcD48cD48c3Ryb25nPlB1c2ggbm90aWZpY2F0aW9uczwvc3Ryb25nPiDigJQgSWYgYSB1c2VyIGluc3RhbGxzIHlvdXIgYXBwIGFuZCB0aGVuIGZvcmdldHMgYWJvdXQgaXQsIHlvdSBjYW4gc3RpbGwgY29tbXVuaWNhdGUgd2l0aCBoaW0gb3IgaGVyLiBQdXNoIG5vdGlmaWNhdGlvbnMgYXBwZWFyIGF0IHRoZSB0b3Agb2YgdGhlIHNjcmVlbiB3aXRob3V0IGludGVycnVwdGluZyBhIHBlcnNvbuKAmXMgY3VycmVudCBhY3Rpdml0eS4gSWRlYWxseSwgc29tZW9uZSB3aWxsIHNlZSB0aGUgYW5ub3VuY2VtZW50IGFuZCBvcGVuIHlvdXIgYXBwLiBJZiBub3QsIGF0IGxlYXN0IHlvdSBoYXZlIGEgd2F5IHRvIHJlbWluZCB0aGUgdXNlciBvZiB5b3VyIGFwcC4gT24gdGhlIGNvbnMgbGlzdDogdG9vIG1hbnkgbm90aWZpY2F0aW9ucyB3aWxsIGlycml0YXRlIHlvdXIgdXNlcnMuIFNvbWUgd2lsbCBkaXNhYmxlIG5vdGlmaWNhdGlvbnMgYWx0b2dldGhlci4gVGhlc2UgbWVzc2FnZXMgYWxzbyBoYXZlIGEgPGEgaHJlZj0iaHR0cHM6Ly9zdXBwb3J0LmFpcnNoaXAuY29tL2hjL2VuLXVzL2FydGljbGVzLzIxMzQ5MTY0My1XaGF0LWFyZS10aGUtTWF4aW11bS1DaGFyYWN0ZXJzLWZvci1QdXNoLU5vdGlmaWNhdGlvbnMtIiB0YXJnZXQ9Il9ibGFuayI+bGltaXRlZCB3b3JkIGNvdW50PC9hPiwgc28gaWYgeW91IGhhdmUgdmFsdWFibGUgaW5mb3JtYXRpb24gdG8gc2hhcmUsIHRoaXMgaXMgbm90IHRoZSBiZXN0IGZvcm1hdC48L3A+PHA+PHN0cm9uZz5Jbi1hcHAgbWVzc2FnaW5nPC9zdHJvbmc+IOKAlCBVc2VycyBhcmUgbW9yZSBsaWtlbHkgdG8gaW50ZXJhY3Qgd2l0aCBhIG1lc3NhZ2UgdGhhdCBhcHBlYXJzIHdoaWxlIHRoZXkgYXJlIHVzaW5nIHRoZSBhcHAuIFRoZXNlIG1lc3NhZ2VzIGRvbuKAmXQgaGF2ZSBhIHdvcmQgY291bnQsIHdoaWNoIG1lYW5zIHlvdSBjYW4gY3JlYXRlIGxvbmdlciBhbmQgdmlzdWFsbHkgYXBwZWFsaW5nIG1lc3NhZ2VzLiBQbHVzLCB0aGUgY29udGVudCBpcyBwZXJzb25hbGl6ZWQsIHJlbGV2YW50IHRvIHlvdXIgYXBwIGFuZCBpdHMgb2ZmZXJpbmdzIGFsb25nIHdpdGggdGhlIHVzZXLigJlzIGFjdGlvbnMuIEhvd2V2ZXIsIHlvdSBjYW4gb25seSB1c2UgdGhlc2UgbWVzc2FnZXMgdG8gcmVhY2ggcGVvcGxlIHdobyBhcmUgdXNpbmcgeW91ciBhcHAuIElmIHNvbWVvbmUgZG93bmxvYWRlZCB5b3VyIGFwcCBhbmQgZm9yZ290IGFib3V0IGl0LCBpbi1hcHAgbWVzc2FnaW5nIHdvbuKAmXQgcmVtaW5kIHRoZW0gdG8gY29tZSBiYWNrLiBBbmQsIGp1c3QgbGlrZSB3aXRoIHB1c2ggbm90aWZpY2F0aW9ucywgdG9vIG1hbnkgYWxlcnRzIHdpbGwgZHJpdmUgdXNlcnMgYXdheS48L3A+PHA+PGJyPjwvcD48aDM+PHN0cm9uZz5CZXN0IFVzZXM8L3N0cm9uZz48L2gzPjxwPjxicj48L3A+PHA+UHVzaCBub3RpZmljYXRpb25zIGFuZCBpbi1hcHAgbWVzc2FnaW5nIGVhY2ggaGF2ZSB0aGVpciBwbGFjZSBpbiBkaWZmZXJlbnQgdHlwZXMgb2YgYXBwcy48L3A+PHA+VGhlIGJlc3QgdXNlcyBmb3IgcHVzaCBub3RpZmljYXRpb25zIGFyZSB0aW1lLXNlbnNpdGl2ZSBjb250ZW50LiBZb3UgY2FuIGFsc28gY29uc2lkZXIgdGhpcyBhcHByb2FjaCBpbiB0aGVzZSBjYXNlczo8L3A+PHVsPjxsaT48c3Ryb25nPlBheW1lbnQgY29uZmlybWF0aW9uPC9zdHJvbmc+IOKAlCBBIGN1c3RvbWVyIHdpbGwgZmVlbCBtb3JlIGNvbmZpZGVudCBpZiB5b3UgY29uZmlybSBwYXltZW50IHdhcyByZWNlaXZlZC4gVGhpcyBpcyBhbHNvIGEgaGFuZHkgdGltZSB0byBhc2sgZm9yIGZlZWRiYWNrLjwvbGk+PGxpPjxzdHJvbmc+Rmxhc2ggc2FsZXM8L3N0cm9uZz4g4oCUIEJyaWNrLWFuZC1tb3J0YXIgc3RvcmVzIGNhbiBwdXQgdGhpcyB0byBnb29kIHVzZS4gQSBjdXN0b21lciBtaWdodCBub3QgYmUgbmVhcmJ5IHdoZW4geW91IGhhdmUgYSBzcGVjaWFsIOKAnHRvZGF5IG9ubHnigJ0gZGVhbC4gVXNlIHB1c2ggbm90aWZpY2F0aW9ucyB0byBpbmZvcm0uPC9saT48bGk+PHN0cm9uZz5Jbi1hcHAgbm90aWZpY2F0aW9uczwvc3Ryb25nPiDigJQgVXNlIHRoZXNlIHRvIHBvaW50IG91dCBuZXcgZmVhdHVyZXMgb3IgaW1wcm92ZSB0aGUgdXNlciBleHBlcmllbmNlLiBJbi1hcHAgbWVzc2FnZXMgc2hvdWxkIHJlbGF0ZSB0byB0aGUgdXNlcuKAmXMgYWN0aW9ucyBpbiB0aGUgYXBwLiBJbi1hcHAgbWVzc2FnZXMgYXJlIGFsc28gdXNlZnVsIGZvcjo8L2xpPjxsaT48c3Ryb25nPk9wdC1pbiByZXF1ZXN0PC9zdHJvbmc+IOKAlCBTZW5kIGEgbWVzc2FnZSBhZnRlciBhIHVzZXIgZG93bmxvYWRzIGFuZCBvcGVucyB0aGUgYXBwIGFza2luZyBoaW0vaGVyIHRvIHJlY2VpdmUgcHVzaCBub3RpZmljYXRpb25zIG9yIHRvIHNpZ24gdXAgZm9yIGFuIGVtYWlsIG5ld3NsZXR0ZXIuPC9saT48bGk+PHN0cm9uZz5Jbi1hcHAgcHVyY2hhc2VzPC9zdHJvbmc+IOKAlCBJZiBzb21lb25lIGlzIHVzaW5nIHlvdXIgYXBwLCBoZSBpcyBtb3JlIGxpa2VseSB0byBtYWtlIGEgcHVyY2hhc2UuIFNlbmQgYSBtZXNzYWdlIGFib3V0IGEgcHJvZHVjdCBvciBzZXJ2aWNlIG9uIHNhbGUuPC9saT48bGk+PHN0cm9uZz5GZWF0dXJlczwvc3Ryb25nPiDigJQgTmV3IHVzZXJzIG1heSBuZWVkIGEgdG91ciBndWlkZS4gSW4tYXBwIG1lc3NhZ2VzIGNhbiBvZmZlciB0aXBzIG9uIGhvdyB0byBnZXQgdGhlIG1vc3Qgb2YgeW91ciBhcHAuPC9saT48bGk+PHN0cm9uZz5GZWVkYmFjayByZXF1ZXN0PC9zdHJvbmc+IOKAlCBJZiB5b3Ugc2VuZCB0aGlzIG1lc3NhZ2UgcmlnaHQgYWZ0ZXIgYSB1c2VyIHRyaWVzIGEgZmVhdHVyZSBvciB5b3VyIGFwcCwgeW914oCZcmUgZmFyIG1vcmUgbGlrZWx5IHRvIGdldCB0aGUgZmVlZGJhY2sgeW91IG5lZWQuPC9saT48L3VsPjxwPkRlY2lkaW5nIGJldHdlZW4gcHVzaCBub3RpZmljYXRpb25zIGFuZCBpbi1hcHAgbWVzc2FnaW5nIGlzIGp1c3Qgb25lIG9mIG1hbnkgZGVjaXNpb25zIGR1cmluZyB0aGUgbW9iaWxlIGFwcCBkZXZlbG9wbWVudCBwcm9jZXNzLiBXaXRoIFBhbGlvIHlvdSBjYW4gZ2V0IGJvdGggcHVzaCBub3RpZmljYXRpb25zIGFuZCBpbi1hcHAgbWVzc2FnaW5nIHdpdGhvdXQgYWRkaXRpb25hbCBjaGFyZ2UhIFZpc2l0IDxhIGhyZWY9Imh0dHBzOi8vd3d3LnBhbGlvLmlvLyIgdGFyZ2V0PSJfYmxhbmsiPlBhbGlvIFdlYnNpdGU8L2E+IGZvciBtb3JlIGluZm9ybWF0aW9uLjwvcD4=','2021-01-13 09:46:11');
/*!40000 ALTER TABLE `BLOG_POST` ENABLE KEYS */;
UNLOCK TABLES;

--
-- Table structure for table `BLOG_TAG`
--

DROP TABLE IF EXISTS `BLOG_TAG`;
/*!40101 SET @saved_cs_client     = @@character_set_client */;
/*!40101 SET character_set_client = utf8 */;
CREATE TABLE `BLOG_TAG` (
  `BLOG_ID` int(11) NOT NULL,
  `TAG` text NOT NULL,
  KEY `BLOG_ID` (`BLOG_ID`),
  CONSTRAINT `BLOG_TAG_ibfk_1` FOREIGN KEY (`BLOG_ID`) REFERENCES `BLOG_POST` (`ID`)
) ENGINE=InnoDB DEFAULT CHARSET=latin1;
/*!40101 SET character_set_client = @saved_cs_client */;

--
-- Dumping data for table `BLOG_TAG`
--

LOCK TABLES `BLOG_TAG` WRITE;
/*!40000 ALTER TABLE `BLOG_TAG` DISABLE KEYS */;
INSERT INTO `BLOG_TAG` VALUES (75,'Business'),(76,'Business'),(76,'Technology'),(77,'Developer'),(77,'Business'),(77,'Product'),(77,'Technology'),(78,'Developer'),(78,'Business'),(78,'Product'),(78,'Technology'),(79,'Developer'),(79,'Business'),(79,'Product'),(79,'Technology'),(80,'Developer'),(80,'Business'),(80,'Product'),(80,'Technology');
/*!40000 ALTER TABLE `BLOG_TAG` ENABLE KEYS */;
UNLOCK TABLES;

--
-- Table structure for table `COMPANY`
--

DROP TABLE IF EXISTS `COMPANY`;
/*!40101 SET @saved_cs_client     = @@character_set_client */;
/*!40101 SET character_set_client = utf8 */;
CREATE TABLE `COMPANY` (
  `ID` int(11) NOT NULL AUTO_INCREMENT,
  `API_KEY` varchar(64) DEFAULT NULL,
  `DOMAIN` varchar(64) NOT NULL,
  `STATUS` tinyint(2) NOT NULL,
  PRIMARY KEY (`ID`),
  UNIQUE KEY `C$AK1` (`API_KEY`)
) ENGINE=InnoDB AUTO_INCREMENT=12 DEFAULT CHARSET=latin1;
/*!40101 SET character_set_client = @saved_cs_client */;

--
-- Dumping data for table `COMPANY`
--

LOCK TABLES `COMPANY` WRITE;
/*!40000 ALTER TABLE `COMPANY` DISABLE KEYS */;
INSERT INTO `COMPANY` VALUES (1,'E8E05077943A6961E969AEA202F5AF2D3FD3961B12E13AA9066500CDFAD70010','easysoft',1),(7,'B44CB3317927293E79595449A45423D3729CC830C1E15D044C88E9A835110BA8','easysoft',1),(8,'D51CAEFE1873ECFBA0307A3AE961BF596BB5E52551FD9966550510353CF87544','easysoft',1),(9,NULL,'easysoft',1),(10,NULL,'easysoft',1),(11,'92451966CBC48B2D837F8CA0444131B3DEB9C08B92AA705FE44A0179AA0E7067','easysoft',1);
/*!40000 ALTER TABLE `COMPANY` ENABLE KEYS */;
UNLOCK TABLES;

--
-- Table structure for table `COMPANY_INFO`
--

DROP TABLE IF EXISTS `COMPANY_INFO`;
/*!40101 SET @saved_cs_client     = @@character_set_client */;
/*!40101 SET character_set_client = utf8 */;
CREATE TABLE `COMPANY_INFO` (
  `COMPANY` int(11) NOT NULL,
  `PHONE_NUMBER` varchar(32) DEFAULT NULL,
  `COMPANY_NAME` varchar(64) NOT NULL,
  `PRODUCT_INTEREST` varchar(64) DEFAULT NULL,
  `DEVELOPMENT_TYPE` varchar(32) DEFAULT NULL,
  `INDUSTRY_TYPE` varchar(32) DEFAULT NULL,
  `CREATED_DATE` datetime NOT NULL,
  `PRIVATE_PASSWORD` varchar(256) DEFAULT NULL,
  `COMPANY_LOGO` varchar(256) DEFAULT NULL,
  `SUPPORT_EMAIL` varchar(256) DEFAULT NULL,
  PRIMARY KEY (`COMPANY`),
  KEY `CI$IE1` (`COMPANY_NAME`)
) ENGINE=InnoDB DEFAULT CHARSET=latin1;
/*!40101 SET character_set_client = @saved_cs_client */;

--
-- Dumping data for table `COMPANY_INFO`
--

LOCK TABLES `COMPANY_INFO` WRITE;
/*!40000 ALTER TABLE `COMPANY_INFO` DISABLE KEYS */;
INSERT INTO `COMPANY_INFO` VALUES (1,NULL,'Easysoft4','ls,vc,ac,ss,um,wb,cb',NULL,NULL,'2021-02-11 22:53:20',NULL,NULL,NULL),(7,NULL,'eSTEST_account','ls,vc,ac,ss,um,wb,cb',NULL,NULL,'2021-02-15 10:38:23','abc@123','Bintang-bintang.jpg',NULL),(8,NULL,'eSTEST_007','ls,vc,ac,ss,um,wb,cb',NULL,NULL,'2021-02-15 11:56:13',NULL,NULL,NULL),(9,NULL,'NA',NULL,NULL,NULL,'2021-02-15 13:54:17',NULL,NULL,NULL),(10,NULL,'NA',NULL,NULL,NULL,'2021-02-15 13:58:36',NULL,NULL,NULL),(11,NULL,'eSTEST_trial','ls,vc,ac,ss,um,wb,cb',NULL,NULL,'2021-02-16 14:37:42','abc@123',NULL,NULL);
/*!40000 ALTER TABLE `COMPANY_INFO` ENABLE KEYS */;
UNLOCK TABLES;

--
-- Table structure for table `COMPONENT`
--

DROP TABLE IF EXISTS `COMPONENT`;
/*!40101 SET @saved_cs_client     = @@character_set_client */;
/*!40101 SET character_set_client = utf8 */;
CREATE TABLE `COMPONENT` (
  `ID` int(11) NOT NULL AUTO_INCREMENT,
  `PRODUCT` mediumint(6) NOT NULL,
  `SERVICE` int(11) NOT NULL,
  `PRICE` int(11) NOT NULL,
  `STATUS` tinyint(2) NOT NULL,
  PRIMARY KEY (`ID`),
  KEY `C$IE1` (`PRODUCT`),
  KEY `C$IE2` (`SERVICE`),
  KEY `C$IE3` (`PRICE`)
) ENGINE=InnoDB AUTO_INCREMENT=13 DEFAULT CHARSET=latin1;
/*!40101 SET character_set_client = @saved_cs_client */;

--
-- Dumping data for table `COMPONENT`
--

LOCK TABLES `COMPONENT` WRITE;
/*!40000 ALTER TABLE `COMPONENT` DISABLE KEYS */;
INSERT INTO `COMPONENT` VALUES (1,1,1,1,1),(2,1,2,1,1),(3,1,3,1,1),(4,1,4,1,1),(5,1,5,1,1),(6,1,6,1,1),(7,2,1,2,1),(8,2,2,2,1),(9,2,3,2,1),(10,2,4,2,1),(11,2,5,2,1),(12,2,6,2,1);
/*!40000 ALTER TABLE `COMPONENT` ENABLE KEYS */;
UNLOCK TABLES;

--
-- Table structure for table `COMP_FEATURE`
--

DROP TABLE IF EXISTS `COMP_FEATURE`;
/*!40101 SET @saved_cs_client     = @@character_set_client */;
/*!40101 SET character_set_client = utf8 */;
CREATE TABLE `COMP_FEATURE` (
  `ID` int(11) NOT NULL AUTO_INCREMENT,
  `COMPANY_ID` int(11) DEFAULT NULL,
  `TYPE` int(11) DEFAULT NULL,
  `VALUE` int(11) DEFAULT NULL,
  PRIMARY KEY (`ID`),
  UNIQUE KEY `UNIQUE_TYPE` (`COMPANY_ID`,`TYPE`)
) ENGINE=InnoDB AUTO_INCREMENT=28 DEFAULT CHARSET=latin1;
/*!40101 SET character_set_client = @saved_cs_client */;

--
-- Dumping data for table `COMP_FEATURE`
--

LOCK TABLES `COMP_FEATURE` WRITE;
/*!40000 ALTER TABLE `COMP_FEATURE` DISABLE KEYS */;
INSERT INTO `COMP_FEATURE` VALUES (1,1,1,1),(2,1,2,1),(3,1,3,1),(4,2,1,1),(5,2,2,1),(6,2,3,1),(7,3,1,1),(8,3,2,1),(9,3,3,1),(10,4,1,1),(11,4,2,1),(12,4,3,1),(13,5,1,1),(14,5,2,1),(15,5,3,1),(16,6,1,1),(17,6,2,1),(18,6,3,1),(19,7,1,1),(20,7,2,1),(21,7,3,1),(22,8,1,1),(23,8,2,1),(24,8,3,1),(25,11,1,1),(26,11,2,1),(27,11,3,1);
/*!40000 ALTER TABLE `COMP_FEATURE` ENABLE KEYS */;
UNLOCK TABLES;

--
-- Table structure for table `DISCOUNT`
--

DROP TABLE IF EXISTS `DISCOUNT`;
/*!40101 SET @saved_cs_client     = @@character_set_client */;
/*!40101 SET character_set_client = utf8 */;
CREATE TABLE `DISCOUNT` (
  `ID` int(11) NOT NULL AUTO_INCREMENT,
  `COMPANY` int(11) NOT NULL,
  `COMPONENT` int(11) NOT NULL,
  `UNIT` decimal(8,2) NOT NULL,
  `UNIT_TYPE` tinyint(2) NOT NULL,
  PRIMARY KEY (`ID`),
  KEY `D$IE1` (`COMPANY`),
  KEY `D$IE2` (`COMPONENT`)
) ENGINE=InnoDB DEFAULT CHARSET=latin1;
/*!40101 SET character_set_client = @saved_cs_client */;

--
-- Dumping data for table `DISCOUNT`
--

LOCK TABLES `DISCOUNT` WRITE;
/*!40000 ALTER TABLE `DISCOUNT` DISABLE KEYS */;
/*!40000 ALTER TABLE `DISCOUNT` ENABLE KEYS */;
UNLOCK TABLES;

--
-- Table structure for table `EMAIL`
--

DROP TABLE IF EXISTS `EMAIL`;
/*!40101 SET @saved_cs_client     = @@character_set_client */;
/*!40101 SET character_set_client = utf8 */;
CREATE TABLE `EMAIL` (
  `ID` int(11) NOT NULL AUTO_INCREMENT,
  `EMAIL` varchar(50) DEFAULT NULL,
  PRIMARY KEY (`ID`)
) ENGINE=InnoDB DEFAULT CHARSET=latin1;
/*!40101 SET character_set_client = @saved_cs_client */;

--
-- Dumping data for table `EMAIL`
--

LOCK TABLES `EMAIL` WRITE;
/*!40000 ALTER TABLE `EMAIL` DISABLE KEYS */;
/*!40000 ALTER TABLE `EMAIL` ENABLE KEYS */;
UNLOCK TABLES;

--
-- Table structure for table `HASH`
--

DROP TABLE IF EXISTS `HASH`;
/*!40101 SET @saved_cs_client     = @@character_set_client */;
/*!40101 SET character_set_client = utf8 */;
CREATE TABLE `HASH` (
  `ID` int(11) NOT NULL AUTO_INCREMENT,
  `EMAIL` varchar(256) NOT NULL,
  `HASH` varchar(256) NOT NULL,
  PRIMARY KEY (`ID`)
) ENGINE=InnoDB AUTO_INCREMENT=4 DEFAULT CHARSET=latin1;
/*!40101 SET character_set_client = @saved_cs_client */;

--
-- Dumping data for table `HASH`
--

LOCK TABLES `HASH` WRITE;
/*!40000 ALTER TABLE `HASH` DISABLE KEYS */;
/*!40000 ALTER TABLE `HASH` ENABLE KEYS */;
UNLOCK TABLES;

--
-- Table structure for table `INQUIRIES`
--

DROP TABLE IF EXISTS `INQUIRIES`;
/*!40101 SET @saved_cs_client     = @@character_set_client */;
/*!40101 SET character_set_client = utf8 */;
CREATE TABLE `INQUIRIES` (
  `ID` int(11) NOT NULL AUTO_INCREMENT,
  `TIMESTAMP` datetime NOT NULL,
  `PROSPECT_NAME` varchar(32) NOT NULL,
  `EMAIL` varchar(32) NOT NULL,
  `INQUIRY` text,
  `STATUS` tinyint(2) DEFAULT '0',
  PRIMARY KEY (`ID`),
  KEY `I$IE1` (`EMAIL`)
) ENGINE=InnoDB DEFAULT CHARSET=latin1;
/*!40101 SET character_set_client = @saved_cs_client */;

--
-- Dumping data for table `INQUIRIES`
--

LOCK TABLES `INQUIRIES` WRITE;
/*!40000 ALTER TABLE `INQUIRIES` DISABLE KEYS */;
/*!40000 ALTER TABLE `INQUIRIES` ENABLE KEYS */;
UNLOCK TABLES;

--
-- Table structure for table `MESSAGE`
--

DROP TABLE IF EXISTS `MESSAGE`;
/*!40101 SET @saved_cs_client     = @@character_set_client */;
/*!40101 SET character_set_client = utf8 */;
CREATE TABLE `MESSAGE` (
  `ID` int(11) NOT NULL AUTO_INCREMENT,
  `COMPANY` int(11) NOT NULL,
  `USER_ACCOUNT` int(11) NOT NULL,
  `M_ID` int(11) NOT NULL,
  `MESSAGE_DATE` datetime NOT NULL,
  `MESSAGE_DESC` varchar(1024) CHARACTER SET utf32 COLLATE utf32_bin DEFAULT NULL,
  `IS_READ` int(11) DEFAULT '0',
  PRIMARY KEY (`ID`),
  KEY `PY$IE2` (`COMPANY`),
  KEY `PY$IE3` (`USER_ACCOUNT`)
) ENGINE=InnoDB AUTO_INCREMENT=10 DEFAULT CHARSET=latin1;
/*!40101 SET character_set_client = @saved_cs_client */;

--
-- Dumping data for table `MESSAGE`
--

LOCK TABLES `MESSAGE` WRITE;
/*!40000 ALTER TABLE `MESSAGE` DISABLE KEYS */;
INSERT INTO `MESSAGE` VALUES (1,1,1,1,'2021-02-11 22:54:58','New User',NULL),(7,7,7,1,'2021-02-15 10:38:42','New User',1),(8,8,8,1,'2021-02-15 11:56:55','New User',1),(9,11,11,1,'2021-02-16 14:38:07','New User',1);
/*!40000 ALTER TABLE `MESSAGE` ENABLE KEYS */;
UNLOCK TABLES;

--
-- Table structure for table `MULTIPLIER`
--

DROP TABLE IF EXISTS `MULTIPLIER`;
/*!40101 SET @saved_cs_client     = @@character_set_client */;
/*!40101 SET character_set_client = utf8 */;
CREATE TABLE `MULTIPLIER` (
  `ID` int(6) unsigned NOT NULL AUTO_INCREMENT,
  `FEATURE` int(2) NOT NULL,
  `MONTHLY` int(5) NOT NULL,
  `ANNUAL` decimal(8,2) NOT NULL,
  `EDIT_DATE` datetime DEFAULT CURRENT_TIMESTAMP,
  PRIMARY KEY (`ID`)
) ENGINE=InnoDB AUTO_INCREMENT=8 DEFAULT CHARSET=latin1;
/*!40101 SET character_set_client = @saved_cs_client */;

--
-- Dumping data for table `MULTIPLIER`
--

LOCK TABLES `MULTIPLIER` WRITE;
/*!40000 ALTER TABLE `MULTIPLIER` DISABLE KEYS */;
INSERT INTO `MULTIPLIER` VALUES (1,1,18,14.40,'2020-05-14 16:06:51'),(2,2,6,4.80,'2020-05-14 16:07:09'),(3,3,5,4.00,'2020-05-14 16:07:20'),(4,4,4,3.20,'2020-05-14 16:07:38'),(5,5,3,2.40,'2020-05-14 16:07:54'),(6,6,4,3.20,'2020-05-14 16:08:11'),(7,7,2,1.60,'2020-05-14 16:08:31');
/*!40000 ALTER TABLE `MULTIPLIER` ENABLE KEYS */;
UNLOCK TABLES;

--
-- Table structure for table `PAGE_LIST`
--

DROP TABLE IF EXISTS `PAGE_LIST`;
/*!40101 SET @saved_cs_client     = @@character_set_client */;
/*!40101 SET character_set_client = utf8 */;
CREATE TABLE `PAGE_LIST` (
  `ID` int(11) NOT NULL AUTO_INCREMENT,
  `PAGE_NAME` varchar(64) DEFAULT NULL,
  PRIMARY KEY (`ID`)
) ENGINE=InnoDB AUTO_INCREMENT=17 DEFAULT CHARSET=latin1;
/*!40101 SET character_set_client = @saved_cs_client */;

--
-- Dumping data for table `PAGE_LIST`
--

LOCK TABLES `PAGE_LIST` WRITE;
/*!40000 ALTER TABLE `PAGE_LIST` DISABLE KEYS */;
INSERT INTO `PAGE_LIST` VALUES (1,'INDEX'),(2,'PRODUCTS'),(3,'USECASE'),(4,'SOLUTIONS'),(5,'PRICING'),(6,'BLOG'),(7,'CONTACT US'),(8,'TERMS AND POLICIES'),(9,'LOGIN'),(10,'SIGNUP'),(11,'VERIFY EMAIL'),(12,'PAYCHECKOUT'),(13,'THANKYOU PAGE'),(14,'DASHBOARD'),(15,'INVOICE'),(16,'MAIL');
/*!40000 ALTER TABLE `PAGE_LIST` ENABLE KEYS */;
UNLOCK TABLES;

--
-- Table structure for table `PAYMENT`
--

DROP TABLE IF EXISTS `PAYMENT`;
/*!40101 SET @saved_cs_client     = @@character_set_client */;
/*!40101 SET character_set_client = utf8 */;
CREATE TABLE `PAYMENT` (
  `ID` int(11) NOT NULL AUTO_INCREMENT,
  `PAYMENT_METHOD` varchar(64) NOT NULL,
  `BILL` int(11) NOT NULL,
  `COMPANY` int(11) NOT NULL,
  `USER` int(11) NOT NULL,
  `PAY_DATE` datetime NOT NULL,
  PRIMARY KEY (`ID`),
  KEY `PY$QIE1` (`BILL`),
  KEY `PY$IE2` (`COMPANY`),
  KEY `PY$IE3` (`USER`)
) ENGINE=InnoDB AUTO_INCREMENT=10 DEFAULT CHARSET=latin1;
/*!40101 SET character_set_client = @saved_cs_client */;

--
-- Dumping data for table `PAYMENT`
--

LOCK TABLES `PAYMENT` WRITE;
/*!40000 ALTER TABLE `PAYMENT` DISABLE KEYS */;
INSERT INTO `PAYMENT` VALUES (1,'PAYPAL',1,1,1,'2021-02-11 22:54:58'),(7,'PAYPAL',7,7,7,'2021-02-15 10:38:42'),(8,'PAYPAL',8,8,8,'2021-02-15 11:56:55'),(9,'PAYPAL',9,11,11,'2021-02-16 14:38:08');
/*!40000 ALTER TABLE `PAYMENT` ENABLE KEYS */;
UNLOCK TABLES;

--
-- Table structure for table `PRELAUNCH`
--

DROP TABLE IF EXISTS `PRELAUNCH`;
/*!40101 SET @saved_cs_client     = @@character_set_client */;
/*!40101 SET character_set_client = utf8 */;
CREATE TABLE `PRELAUNCH` (
  `ID` int(11) NOT NULL AUTO_INCREMENT,
  `EMAIL` varchar(64) DEFAULT NULL,
  PRIMARY KEY (`ID`)
) ENGINE=InnoDB DEFAULT CHARSET=latin1;
/*!40101 SET character_set_client = @saved_cs_client */;

--
-- Dumping data for table `PRELAUNCH`
--

LOCK TABLES `PRELAUNCH` WRITE;
/*!40000 ALTER TABLE `PRELAUNCH` DISABLE KEYS */;
/*!40000 ALTER TABLE `PRELAUNCH` ENABLE KEYS */;
UNLOCK TABLES;

--
-- Table structure for table `PRICE`
--

DROP TABLE IF EXISTS `PRICE`;
/*!40101 SET @saved_cs_client     = @@character_set_client */;
/*!40101 SET character_set_client = utf8 */;
CREATE TABLE `PRICE` (
  `ID` int(11) NOT NULL AUTO_INCREMENT,
  `UNIT` decimal(8,2) NOT NULL,
  `UNIT_TYPE` tinyint(2) NOT NULL,
  `AMOUNT` decimal(8,2) NOT NULL,
  `DISCOUNT` int(11) NOT NULL,
  PRIMARY KEY (`ID`),
  KEY `P$IE1` (`DISCOUNT`)
) ENGINE=InnoDB AUTO_INCREMENT=5 DEFAULT CHARSET=latin1;
/*!40101 SET character_set_client = @saved_cs_client */;

--
-- Dumping data for table `PRICE`
--

LOCK TABLES `PRICE` WRITE;
/*!40000 ALTER TABLE `PRICE` DISABLE KEYS */;
INSERT INTO `PRICE` VALUES (1,0.00,0,50.00,0),(2,0.00,0,33.50,0),(3,0.00,0,100.00,0),(4,0.00,0,0.00,0);
/*!40000 ALTER TABLE `PRICE` ENABLE KEYS */;
UNLOCK TABLES;

--
-- Table structure for table `PRODUCT`
--

DROP TABLE IF EXISTS `PRODUCT`;
/*!40101 SET @saved_cs_client     = @@character_set_client */;
/*!40101 SET character_set_client = utf8 */;
CREATE TABLE `PRODUCT` (
  `ID` mediumint(6) NOT NULL AUTO_INCREMENT,
  `PRODUCT_NAME` varchar(64) NOT NULL,
  `QUOTA_OF_STORAGE` bigint(15) NOT NULL,
  `QUOTA_OF_BANDWIDTH` bigint(15) NOT NULL,
  `PRICE` int(11) NOT NULL,
  `CATEGORY` tinyint(2) NOT NULL,
  `STATUS` tinyint(2) NOT NULL,
  PRIMARY KEY (`ID`)
) ENGINE=InnoDB AUTO_INCREMENT=5 DEFAULT CHARSET=latin1;
/*!40101 SET character_set_client = @saved_cs_client */;

--
-- Dumping data for table `PRODUCT`
--

LOCK TABLES `PRODUCT` WRITE;
/*!40000 ALTER TABLE `PRODUCT` DISABLE KEYS */;
INSERT INTO `PRODUCT` VALUES (1,'PACKAGE SATU',100000,50000,1,1,1),(2,'PACKAGE DUA',200000,100000,2,2,1),(3,'PACKAGE CUSTOM',500000,500000,3,3,1),(4,'PACKAGE TRIAL',100000,50000,4,4,1);
/*!40000 ALTER TABLE `PRODUCT` ENABLE KEYS */;
UNLOCK TABLES;

--
-- Table structure for table `REDIRECT_COUNT`
--

DROP TABLE IF EXISTS `REDIRECT_COUNT`;
/*!40101 SET @saved_cs_client     = @@character_set_client */;
/*!40101 SET character_set_client = utf8 */;
CREATE TABLE `REDIRECT_COUNT` (
  `id` int(6) unsigned NOT NULL AUTO_INCREMENT,
  `username` varchar(64) NOT NULL,
  `fb_redirect` int(6) DEFAULT '0',
  `tw_redirect` int(6) DEFAULT '0',
  `ig_redirect` int(6) DEFAULT '0',
  `li_redirect` int(6) DEFAULT '0',
  `time_redirect` timestamp NOT NULL DEFAULT CURRENT_TIMESTAMP ON UPDATE CURRENT_TIMESTAMP,
  PRIMARY KEY (`id`)
) ENGINE=InnoDB DEFAULT CHARSET=latin1;
/*!40101 SET character_set_client = @saved_cs_client */;

--
-- Dumping data for table `REDIRECT_COUNT`
--

LOCK TABLES `REDIRECT_COUNT` WRITE;
/*!40000 ALTER TABLE `REDIRECT_COUNT` DISABLE KEYS */;
/*!40000 ALTER TABLE `REDIRECT_COUNT` ENABLE KEYS */;
UNLOCK TABLES;

--
-- Table structure for table `SDK`
--

DROP TABLE IF EXISTS `SDK`;
/*!40101 SET @saved_cs_client     = @@character_set_client */;
/*!40101 SET character_set_client = utf8 */;
CREATE TABLE `SDK` (
  `ID` int(11) NOT NULL AUTO_INCREMENT,
  `TICKET_NUMBER` int(11) NOT NULL,
  `MOBILE_CONTACT_CENTERS` int(11) NOT NULL DEFAULT '0',
  `PUSH_NOTIFICATIONS` int(11) NOT NULL DEFAULT '0',
  `UNIFIED_MESSAGING` int(11) NOT NULL DEFAULT '0',
  `LIVE_VIDEO_STREAMING` int(11) NOT NULL DEFAULT '0',
  `VIDEO_CALL` int(11) NOT NULL DEFAULT '0',
  `VOIP_CALL` int(11) NOT NULL DEFAULT '0',
  `OTHERS` int(11) NOT NULL DEFAULT '0',
  PRIMARY KEY (`ID`),
  KEY `TICKET_NUMBER` (`TICKET_NUMBER`)
) ENGINE=InnoDB DEFAULT CHARSET=latin1;
/*!40101 SET character_set_client = @saved_cs_client */;

--
-- Dumping data for table `SDK`
--

LOCK TABLES `SDK` WRITE;
/*!40000 ALTER TABLE `SDK` DISABLE KEYS */;
/*!40000 ALTER TABLE `SDK` ENABLE KEYS */;
UNLOCK TABLES;

--
-- Table structure for table `SERVICE`
--

DROP TABLE IF EXISTS `SERVICE`;
/*!40101 SET @saved_cs_client     = @@character_set_client */;
/*!40101 SET character_set_client = utf8 */;
CREATE TABLE `SERVICE` (
  `ID` int(11) NOT NULL AUTO_INCREMENT,
  `SERVICE_NAME` varchar(64) NOT NULL,
  `QUOTA` int(11) NOT NULL,
  PRIMARY KEY (`ID`)
) ENGINE=InnoDB AUTO_INCREMENT=8 DEFAULT CHARSET=latin1;
/*!40101 SET character_set_client = @saved_cs_client */;

--
-- Dumping data for table `SERVICE`
--

LOCK TABLES `SERVICE` WRITE;
/*!40000 ALTER TABLE `SERVICE` DISABLE KEYS */;
INSERT INTO `SERVICE` VALUES (1,'Live Streaming',0),(2,'Video Call',0),(3,'Audio Call',0),(4,'Unified Messaging',0),(5,'Whiteboard',0),(6,'Screen Sharing',0),(7,'Chatbot',0);
/*!40000 ALTER TABLE `SERVICE` ENABLE KEYS */;
UNLOCK TABLES;

--
-- Table structure for table `SESSION`
--

DROP TABLE IF EXISTS `SESSION`;
/*!40101 SET @saved_cs_client     = @@character_set_client */;
/*!40101 SET character_set_client = utf8 */;
CREATE TABLE `SESSION` (
  `ID` int(6) unsigned NOT NULL AUTO_INCREMENT,
  `USER_ID` int(11) DEFAULT NULL,
  `SESSION_TOKEN` varchar(64) NOT NULL,
  `SESSION_DATE` datetime DEFAULT CURRENT_TIMESTAMP,
  PRIMARY KEY (`ID`)
) ENGINE=InnoDB AUTO_INCREMENT=443 DEFAULT CHARSET=latin1;
/*!40101 SET character_set_client = @saved_cs_client */;

--
-- Dumping data for table `SESSION`
--

LOCK TABLES `SESSION` WRITE;
/*!40000 ALTER TABLE `SESSION` DISABLE KEYS */;
INSERT INTO `SESSION` VALUES (298,NULL,'3215b35b6d91aa965695d0b0eb90c7554d679bc5','2021-02-15 10:14:33'),(299,NULL,'0bc4661a88e5a5446a2bbb35c03525c6eeabbe86','2021-02-15 10:14:35'),(300,NULL,'c77b8dcdf43e989dc52a7ba4533f7c346d5a0164','2021-02-15 10:25:45'),(301,NULL,'3e5a8fccd39180685ca63964aaaf01707f6c8524','2021-02-15 10:34:24'),(302,NULL,'092c284b534fdd2d78cde5c4cf03faed796f2053','2021-02-15 10:35:06'),(303,NULL,'6e5c23314dd1e28641d6865cf679987930062aea','2021-02-15 10:35:59'),(307,NULL,'5c1440038b7ad8b2dbaaf467121e378fcdbaca08','2021-02-15 10:41:36'),(308,NULL,'e403375ad158ffc64a9e61072c61b30efcfacef6','2021-02-15 10:53:02'),(309,NULL,'8b4df99a61146ba627e6ca7114ab485024080e8d','2021-02-15 11:18:40'),(310,NULL,'04dd7572882c4941ffe4c34da1fde7254abf2dff','2021-02-15 11:20:24'),(312,NULL,'fd2269119cd6eb027808a19b36df0f13ba6acddf','2021-02-15 11:48:04'),(313,NULL,'a99446f829f37ef072ac5517959468aca2e50683','2021-02-15 11:52:57'),(315,NULL,'c49bdaac796ca3105a25443fff868db89f58a297','2021-02-15 11:54:34'),(316,NULL,'72f59e471790d3e6c661727e41c22e0c9101ac64','2021-02-15 11:54:36'),(319,NULL,'7447fe3754105bcb88d55bb67f1583e1662324f1','2021-02-15 12:12:09'),(320,NULL,'aaff0282571625217d8759a9338efa2826955a86','2021-02-15 12:12:19'),(321,NULL,'76c8171a11f7e28da1c675f72e47b62f6f93be26','2021-02-15 12:45:13'),(322,NULL,'5d2730af00c2916cc88d572e243c5546fe30f62f','2021-02-15 13:11:45'),(323,NULL,'379feb7de0b4e9d32a0afafafb4f2d29838c9f96','2021-02-15 13:11:50'),(324,NULL,'208cdbe907d3aa0d0ff680e789e50a1e8a970be2','2021-02-15 13:11:53'),(325,NULL,'54cc8e7a0f55930ac9b2c5118c90548136f2de42','2021-02-15 13:50:33'),(326,NULL,'e399bc9c25ee37a03cc081c3df71162f4a5163b3','2021-02-15 14:16:02'),(327,NULL,'5992745fc379dbde53d07ccccd734c301033ea02','2021-02-15 14:17:21'),(328,NULL,'ed910199ea3b6d16ccfb58fa31f00f7ccd21a030','2021-02-15 14:17:23'),(329,NULL,'1eea38c9315bb9bfdb2ab2e324bc06d2bfc89233','2021-02-15 14:17:26'),(331,NULL,'b43540c97c22dda7200944ddc180779bf06991b8','2021-02-15 14:18:14'),(332,NULL,'b9e177bb700a2a39c6947bdb430e629a953aec25','2021-02-15 14:19:03'),(333,NULL,'0cd7b47a65ae14e34ae7ec07ce372f73bf57fcd3','2021-02-15 14:27:24'),(334,NULL,'725d2fdef0514cc34126e230edec7cf3ae102ed3','2021-02-15 14:28:04'),(335,NULL,'be8c3fce16f09d140c1885b1f35e0d8c7cd0f637','2021-02-15 14:36:00'),(336,NULL,'c7afc79de87112fd1ff9f23dd36b6019c4982b00','2021-02-15 14:45:13'),(337,NULL,'ccc7e666e360125c66c09db7c153610718910f4a','2021-02-15 14:49:56'),(338,NULL,'6fb9dadeeeac5a7229c069c1e158aec768c437a0','2021-02-15 14:55:34'),(339,NULL,'6fb9dadeeeac5a7229c069c1e158aec768c437a0','2021-02-15 14:55:34'),(340,NULL,'e573880b83516398ad5e7d144cc092ec7ffb4371','2021-02-15 15:04:58'),(341,NULL,'e573880b83516398ad5e7d144cc092ec7ffb4371','2021-02-15 15:04:58'),(342,NULL,'e573880b83516398ad5e7d144cc092ec7ffb4371','2021-02-15 15:04:58'),(343,NULL,'1d74967fd6b451f72829c61b691da3167b98ba0a','2021-02-15 15:55:02'),(344,NULL,'d3a0553d5dbc25844b8e7c43fdc71cdff9231dc9','2021-02-15 15:55:04'),(345,NULL,'9ed3b266ae4efc1ec31ab1f52b4a96474869fdca','2021-02-15 15:55:31'),(346,NULL,'446823d424dbe1ed77255c69b2dd4b2c577cc214','2021-02-15 15:55:53'),(347,NULL,'446823d424dbe1ed77255c69b2dd4b2c577cc214','2021-02-15 15:55:53'),(349,NULL,'4b18529bb190b6ef8d00428e26d8d1b4da7a2052','2021-02-15 16:00:17'),(350,NULL,'94ea1548995625276a345b9a3ca6e6ad2b009328','2021-02-15 16:05:45'),(351,NULL,'d7ebee8fb419603052c5b514136270905c3fecc1','2021-02-15 16:06:03'),(352,NULL,'1636c424fbee48179e38aad7d3b190114807bcb6','2021-02-15 16:11:39'),(353,NULL,'5e13c7417850571a145c4333d7957bfc417e975d','2021-02-15 16:29:29'),(354,NULL,'b5547f7802b9adc50847a2aa10de09b297877bd5','2021-02-15 16:29:50'),(355,NULL,'783893544ed93de5d5760f0284ef0e6e4d0b7c82','2021-02-15 16:34:58'),(357,NULL,'21451d6b38dcf33c83b6da861d3020577156188e','2021-02-15 16:47:30'),(358,NULL,'9f2649f0352962149a4be303a9e0dec88bd75274','2021-02-15 16:47:59'),(360,NULL,'8c7651d601cd46852c4bea840d408dd283639534','2021-02-15 16:53:22'),(361,NULL,'5fa59f027fa4445fcf8eec51ce4bf8c9513ed660','2021-02-15 16:55:45'),(362,NULL,'aa3eb663200c072acf9c6198ef67011d89251eea','2021-02-15 19:17:05'),(363,NULL,'d3110492be1df67e46e9af9bbd93ce675732cae5','2021-02-15 19:20:40'),(364,NULL,'87b7d827c96f70a3bc9f1df4f294143f2c0d1b96','2021-02-15 19:35:53'),(365,NULL,'59e33eacb783a709fe5c8f791c04aa60614c4050','2021-02-15 20:55:53'),(366,NULL,'f584b096abf4f87198fab229e478bbec19dc6276','2021-02-15 21:06:30'),(367,NULL,'78d719d1f71639b68f55019022928dfc6083b0f3','2021-02-15 21:06:34'),(368,NULL,'fdff02c492f37cfe16b8968e78ee82b686f9573e','2021-02-15 22:22:48'),(369,NULL,'505f4843768e1498444a5859a042d79f5d678bc5','2021-02-15 22:38:35'),(370,NULL,'896c8953fe71a37839d3cc36832edec363925198','2021-02-15 22:38:37'),(371,NULL,'853c6f7ba313389ff6d3ea04ec073d8dc028bcc1','2021-02-15 23:59:30'),(372,NULL,'7f966530c4b736e51fb253f509560b30b39e8def','2021-02-15 23:59:34'),(373,NULL,'76648d210f53835445f5ca89d25b16483282ba0a','2021-02-16 01:25:56'),(374,NULL,'a3220e6d4c89e844ccd6490e52277d0d33ffed57','2021-02-16 01:25:57'),(375,NULL,'c4f948b3c95cb1b3bec0b43b0c96d25a8422afa4','2021-02-16 01:48:33'),(376,NULL,'c4f948b3c95cb1b3bec0b43b0c96d25a8422afa4','2021-02-16 01:48:33'),(377,NULL,'30e84eb270ecff56fd72e0605204fda039c552fc','2021-02-16 02:19:51'),(378,NULL,'4efafd0f6c9ae81adda9a24f83f83a5445586e8d','2021-02-16 02:58:54'),(379,NULL,'ccd24a12242f0b69260c2bc74197274abea23357','2021-02-16 02:58:55'),(380,NULL,'a60143955774a78761bde31e7237131f0367a3f2','2021-02-16 04:38:14'),(381,NULL,'2a568919f4c6da96c661ef0423e0f29a13b1cd87','2021-02-16 04:39:16'),(382,NULL,'b583873a853a80ac4103dd9d4939be806796d54b','2021-02-16 04:39:18'),(383,NULL,'6deebc04c622aeae4d1a8bcd29c85da7b3e0ad98','2021-02-16 04:58:38'),(384,NULL,'de2e81f6a31de8680460b57e86621c801a3e9ff9','2021-02-16 05:14:32'),(385,NULL,'b12436ad9f073992029f343f9690f12cb6cf23fc','2021-02-16 05:14:36'),(386,NULL,'6ac7a84235b56493406ceb30355f97344bc81056','2021-02-16 05:22:24'),(387,NULL,'94d346ef0fe1f87c4c6329f3f715020ec2b5330f','2021-02-16 05:41:34'),(388,NULL,'9f39842084ea7470ef6f3c019dbe48d4fa018948','2021-02-16 05:41:38'),(389,NULL,'42b1921ff71cae98bafe2ebf476b85421076d53e','2021-02-16 06:07:33'),(390,NULL,'c9b9ec80d993d61be125e6620411e76bc0c6b6b0','2021-02-16 06:20:29'),(391,NULL,'021db4e498eac3d1da3d574b41b5e88667e7c42f','2021-02-16 06:20:30'),(392,NULL,'4ac9067de4fe53692c7ff03e3eb581b9c42fcb7a','2021-02-16 06:20:34'),(393,NULL,'060d115e40c2f101b23379f8f84e0c237867d944','2021-02-16 07:02:59'),(394,NULL,'bd0a9b50765a41c8f7da68c4ccc456c920afb56d','2021-02-16 07:03:01'),(395,NULL,'83fc04478c02d36e33c27ff351c10130ba4df876','2021-02-16 07:03:24'),(396,NULL,'fc7e7320df6dd149d9169e789a86545ab7e486b8','2021-02-16 07:09:25'),(397,NULL,'219e511dd0b68e0914a670cfa25c7011974ab2ff','2021-02-16 07:16:13'),(398,NULL,'7e4622e85fd42ca87b07be6fde6cf7cc90d92363','2021-02-16 07:59:07'),(399,NULL,'54c64d75168e737225e165bad8ef2b7a5f7d69c8','2021-02-16 08:10:06'),(400,NULL,'54c64d75168e737225e165bad8ef2b7a5f7d69c8','2021-02-16 08:10:06'),(401,NULL,'d17b3a9c49626f583199b43aad02a43ecd04fd52','2021-02-16 08:19:57'),(402,NULL,'51d506c35bcc25b39dbc759d4bde1a385bba11e2','2021-02-16 08:59:55'),(403,NULL,'209400fcb6a4c79fac73bdcfae8fc6e1a32c34c9','2021-02-16 09:58:23'),(404,NULL,'a6ce1c1617e9f6134300f568603d6d32c5fe122b','2021-02-16 10:06:47'),(405,NULL,'a6ce1c1617e9f6134300f568603d6d32c5fe122b','2021-02-16 10:06:47'),(406,NULL,'00676d721cd89e17d74d4e627c96cf7649e4b5fd','2021-02-16 10:37:40'),(407,NULL,'4114d4218dcdf5f4984e86136cbc4fc79f4e17de','2021-02-16 10:47:44'),(408,NULL,'b51b8bb49cc98e4233aa0470429a0f65d810968c','2021-02-16 10:47:59'),(409,NULL,'69410ed419026571bf80ba29798e72b9438f49d8','2021-02-16 10:49:39'),(410,NULL,'25ac0172b251fc24b8d109c58ce90273ae3a1db0','2021-02-16 10:50:24'),(411,NULL,'25ac0172b251fc24b8d109c58ce90273ae3a1db0','2021-02-16 10:50:24'),(412,NULL,'31b46765865abbfb9e1db7c8ddd8a1a8330d901f','2021-02-16 10:58:45'),(413,NULL,'bbcc477303063a87e0863515e572ade4e0895ebf','2021-02-16 10:58:49'),(414,NULL,'f61fbeadc86d1e278c3caf220c1f9296b0999490','2021-02-16 11:22:34'),(415,NULL,'48011276ef3ddbc303f6440b7f2088c2033a8b48','2021-02-16 11:23:14'),(416,NULL,'3cc9bbfa556e5f6e51bc243e1201fe5a9b1ecc02','2021-02-16 12:05:42'),(417,NULL,'d4891831e30c1de4c8ee33fff81a08f7e7d9c2a3','2021-02-16 12:05:45'),(418,NULL,'35b5ad276ea6bb10b4d7a296f5b64a714b2b2a6d','2021-02-16 12:09:56'),(419,NULL,'aedc7b1cb81ae408e93597b3dc4561cf12dd5d93','2021-02-16 12:09:57'),(420,NULL,'b332c5c5149e60ef16d015a369739151a7cef656','2021-02-16 13:09:38'),(421,NULL,'23f829d5990d04179842ec5bb7173e833e14933d','2021-02-16 13:46:38'),(422,NULL,'f22f11e09ec8304eceef2d469d66aef5ad43ff5a','2021-02-16 13:48:11'),(423,NULL,'276191e7bedff1e17fd0666eac2df54f1a268d53','2021-02-16 13:57:44'),(424,NULL,'c0bd0ff8df6361c57c695fc6360449e35ee5c147','2021-02-16 14:21:46'),(426,NULL,'0430295d4c5fcae59aceffc76e3635f4300d8f15','2021-02-16 14:29:36'),(427,NULL,'c1c0f5e9bad26ead9edd5a98bd58b082234783ca','2021-02-16 14:32:57'),(429,NULL,'bbd0c5d3c04015e19a2db3fa5c996ff1465e0d95','2021-02-16 14:36:38'),(433,NULL,'25a918d1de691c60aefc6d05de75c711f00dbc30','2021-02-16 14:41:20'),(434,NULL,'695be70b279a21fa2781845fd3769d8db0c8832b','2021-02-16 14:41:25'),(435,NULL,'c429061540e7675f97c6b9fca2daa832ef568685','2021-02-16 14:46:12'),(436,NULL,'a5cfb529c9b0028f164c02be4c511133e1fa6b68','2021-02-16 14:46:24'),(438,NULL,'f82e58abb1608d033afd2af624f9de5f2801d529','2021-02-16 14:49:23'),(439,NULL,'29950f6fa36cd24ca72e11acee084e884c56de84','2021-02-16 14:56:38'),(440,NULL,'e8bdffed1f85d48726a3a4118b811408ed7223af','2021-02-16 14:57:11'),(441,11,'f45127ff064f762a7194789ef320757950126b7d','2021-02-16 15:13:45'),(442,NULL,'e56290a5d05a164bb385aab6dc14b30f7680067f','2021-02-16 15:38:14');
/*!40000 ALTER TABLE `SESSION` ENABLE KEYS */;
UNLOCK TABLES;

--
-- Table structure for table `SITE_SETTINGS`
--

DROP TABLE IF EXISTS `SITE_SETTINGS`;
/*!40101 SET @saved_cs_client     = @@character_set_client */;
/*!40101 SET character_set_client = utf8 */;
CREATE TABLE `SITE_SETTINGS` (
  `ID` int(11) NOT NULL AUTO_INCREMENT,
  `PROPERTY` varchar(64) DEFAULT NULL,
  `VALUE` int(11) DEFAULT NULL,
  PRIMARY KEY (`ID`)
) ENGINE=InnoDB AUTO_INCREMENT=3 DEFAULT CHARSET=latin1;
/*!40101 SET character_set_client = @saved_cs_client */;

--
-- Dumping data for table `SITE_SETTINGS`
--

LOCK TABLES `SITE_SETTINGS` WRITE;
/*!40000 ALTER TABLE `SITE_SETTINGS` DISABLE KEYS */;
INSERT INTO `SITE_SETTINGS` VALUES (1,'GEOLOC',1),(2,'LANGUAGE',0);
/*!40000 ALTER TABLE `SITE_SETTINGS` ENABLE KEYS */;
UNLOCK TABLES;

--
-- Table structure for table `STORAGE`
--

DROP TABLE IF EXISTS `STORAGE`;
/*!40101 SET @saved_cs_client     = @@character_set_client */;
/*!40101 SET character_set_client = utf8 */;
CREATE TABLE `STORAGE` (
  `ID` int(6) unsigned NOT NULL AUTO_INCREMENT,
  `STORAGE` int(15) NOT NULL,
  `PRICE` int(15) NOT NULL,
  `EDIT_DATE` datetime DEFAULT CURRENT_TIMESTAMP,
  PRIMARY KEY (`ID`)
) ENGINE=InnoDB AUTO_INCREMENT=6 DEFAULT CHARSET=latin1;
/*!40101 SET character_set_client = @saved_cs_client */;

--
-- Dumping data for table `STORAGE`
--

LOCK TABLES `STORAGE` WRITE;
/*!40000 ALTER TABLE `STORAGE` DISABLE KEYS */;
INSERT INTO `STORAGE` VALUES (1,100,10,'2020-05-14 16:05:59'),(2,200,20,'2020-05-14 16:06:07'),(3,300,30,'2020-05-14 16:06:14'),(4,400,40,'2020-05-14 16:06:21'),(5,500,50,'2020-05-14 16:06:30');
/*!40000 ALTER TABLE `STORAGE` ENABLE KEYS */;
UNLOCK TABLES;

--
-- Table structure for table `SUBSCRIBE`
--

DROP TABLE IF EXISTS `SUBSCRIBE`;
/*!40101 SET @saved_cs_client     = @@character_set_client */;
/*!40101 SET character_set_client = utf8 */;
CREATE TABLE `SUBSCRIBE` (
  `ID` int(11) NOT NULL AUTO_INCREMENT,
  `COMPANY` int(11) NOT NULL,
  `PRODUCT` mediumint(6) NOT NULL,
  `START_DATE` datetime NOT NULL,
  `END_DATE` datetime NOT NULL,
  `STATUS` tinyint(2) NOT NULL,
  PRIMARY KEY (`ID`),
  KEY `S$IE1` (`COMPANY`),
  KEY `S$IE2` (`PRODUCT`)
) ENGINE=InnoDB AUTO_INCREMENT=12 DEFAULT CHARSET=latin1;
/*!40101 SET character_set_client = @saved_cs_client */;

--
-- Dumping data for table `SUBSCRIBE`
--

LOCK TABLES `SUBSCRIBE` WRITE;
/*!40000 ALTER TABLE `SUBSCRIBE` DISABLE KEYS */;
INSERT INTO `SUBSCRIBE` VALUES (1,1,0,'2021-02-11 22:53:20','2021-03-13 22:53:20',1),(7,7,0,'2021-02-15 10:38:23','2021-02-16 10:38:23',3),(8,8,0,'2021-02-15 11:56:13','2021-02-16 11:56:13',3),(9,9,0,'2021-02-15 13:54:17','2021-03-17 13:54:17',0),(10,10,0,'2021-02-15 13:58:36','2021-03-17 13:58:36',0),(11,11,0,'2021-02-16 14:37:42','2021-02-17 14:37:42',3);
/*!40000 ALTER TABLE `SUBSCRIBE` ENABLE KEYS */;
UNLOCK TABLES;

--
-- Table structure for table `SUBSCRIPTION_TYPE`
--

DROP TABLE IF EXISTS `SUBSCRIPTION_TYPE`;
/*!40101 SET @saved_cs_client     = @@character_set_client */;
/*!40101 SET character_set_client = utf8 */;
CREATE TABLE `SUBSCRIPTION_TYPE` (
  `ID` varchar(20) NOT NULL,
  `COMPANY_ID` int(6) NOT NULL,
  `USER_ID` int(6) NOT NULL,
  `FEATURE` int(2) NOT NULL,
  `SERVICE` varchar(64) NOT NULL,
  `TYPE` varchar(32) NOT NULL,
  `STORAGE` int(15) NOT NULL,
  `BANDWIDTH` int(15) NOT NULL,
  `PRICE` decimal(8,2) NOT NULL,
  `DATE` datetime DEFAULT CURRENT_TIMESTAMP,
  PRIMARY KEY (`ID`),
  UNIQUE KEY `UNIQUE_ID` (`ID`)
) ENGINE=InnoDB DEFAULT CHARSET=latin1;
/*!40101 SET character_set_client = @saved_cs_client */;

--
-- Dumping data for table `SUBSCRIPTION_TYPE`
--

LOCK TABLES `SUBSCRIPTION_TYPE` WRITE;
/*!40000 ALTER TABLE `SUBSCRIPTION_TYPE` DISABLE KEYS */;
/*!40000 ALTER TABLE `SUBSCRIPTION_TYPE` ENABLE KEYS */;
UNLOCK TABLES;

--
-- Table structure for table `TICKET`
--

DROP TABLE IF EXISTS `TICKET`;
/*!40101 SET @saved_cs_client     = @@character_set_client */;
/*!40101 SET character_set_client = utf8 */;
CREATE TABLE `TICKET` (
  `TICKET_NUMBER` int(11) NOT NULL AUTO_INCREMENT,
  `CREATED_TIME` datetime NOT NULL,
  `CREATED_BY` int(11) NOT NULL,
  `SUMMARY` varchar(128) NOT NULL,
  `METHOD` varchar(32) NOT NULL,
  `DETAIL` varchar(1024) NOT NULL,
  `STATUS` int(11) NOT NULL DEFAULT '0',
  PRIMARY KEY (`TICKET_NUMBER`),
  KEY `CREATED_BY` (`CREATED_BY`)
) ENGINE=InnoDB DEFAULT CHARSET=latin1;
/*!40101 SET character_set_client = @saved_cs_client */;

--
-- Dumping data for table `TICKET`
--

LOCK TABLES `TICKET` WRITE;
/*!40000 ALTER TABLE `TICKET` DISABLE KEYS */;
/*!40000 ALTER TABLE `TICKET` ENABLE KEYS */;
UNLOCK TABLES;

--
-- Table structure for table `TRANSACTION_HISTORY`
--

DROP TABLE IF EXISTS `TRANSACTION_HISTORY`;
/*!40101 SET @saved_cs_client     = @@character_set_client */;
/*!40101 SET character_set_client = utf8 */;
CREATE TABLE `TRANSACTION_HISTORY` (
  `ID` bigint(20) NOT NULL,
  `TRANSACTION_ID` int(11) NOT NULL,
  `ACCESS_TOKEN` varchar(100) NOT NULL,
  `PAYMENT_ID` varchar(100) NOT NULL,
  `AMOUNT` decimal(8,2) NOT NULL,
  `SIGNATURE` varchar(256) NOT NULL,
  `LANDING_URL` varchar(100) NOT NULL,
  `DATE` datetime NOT NULL,
  PRIMARY KEY (`ID`)
) ENGINE=InnoDB DEFAULT CHARSET=latin1;
/*!40101 SET character_set_client = @saved_cs_client */;

--
-- Dumping data for table `TRANSACTION_HISTORY`
--

LOCK TABLES `TRANSACTION_HISTORY` WRITE;
/*!40000 ALTER TABLE `TRANSACTION_HISTORY` DISABLE KEYS */;
/*!40000 ALTER TABLE `TRANSACTION_HISTORY` ENABLE KEYS */;
UNLOCK TABLES;

--
-- Table structure for table `TRIAL_ACCESS`
--

DROP TABLE IF EXISTS `TRIAL_ACCESS`;
/*!40101 SET @saved_cs_client     = @@character_set_client */;
/*!40101 SET character_set_client = utf8 */;
CREATE TABLE `TRIAL_ACCESS` (
  `ID` int(11) NOT NULL AUTO_INCREMENT,
  `COMPANY_NAME` varchar(64) NOT NULL,
  `CONTACT_NAME` varchar(64) NOT NULL,
  `EMAIL_CONTACT` varchar(64) NOT NULL,
  `API_KEY` varchar(64) DEFAULT NULL,
  `START_DATE` datetime NOT NULL,
  `END_DATE` datetime NOT NULL,
  PRIMARY KEY (`ID`),
  UNIQUE KEY `TA$AK1` (`API_KEY`)
) ENGINE=InnoDB DEFAULT CHARSET=latin1;
/*!40101 SET character_set_client = @saved_cs_client */;

--
-- Dumping data for table `TRIAL_ACCESS`
--

LOCK TABLES `TRIAL_ACCESS` WRITE;
/*!40000 ALTER TABLE `TRIAL_ACCESS` DISABLE KEYS */;
/*!40000 ALTER TABLE `TRIAL_ACCESS` ENABLE KEYS */;
UNLOCK TABLES;

--
-- Table structure for table `USAGE`
--

DROP TABLE IF EXISTS `USAGE`;
/*!40101 SET @saved_cs_client     = @@character_set_client */;
/*!40101 SET character_set_client = utf8 */;
CREATE TABLE `USAGE` (
  `ID` int(11) NOT NULL AUTO_INCREMENT,
  `COMPANY` int(11) NOT NULL,
  `COMPONENT` int(11) NOT NULL,
  `DURATION` time NOT NULL,
  `BYTE` int(15) NOT NULL,
  `USER_ID` int(11) NOT NULL,
  `START_TIME` datetime DEFAULT NULL,
  `END_TIME` datetime DEFAULT NULL,
  PRIMARY KEY (`ID`),
  KEY `U$IE1` (`COMPANY`),
  KEY `U$IE2` (`COMPONENT`),
  KEY `U$IE3` (`USER_ID`)
) ENGINE=InnoDB DEFAULT CHARSET=latin1;
/*!40101 SET character_set_client = @saved_cs_client */;

--
-- Dumping data for table `USAGE`
--

LOCK TABLES `USAGE` WRITE;
/*!40000 ALTER TABLE `USAGE` DISABLE KEYS */;
/*!40000 ALTER TABLE `USAGE` ENABLE KEYS */;
UNLOCK TABLES;

--
-- Table structure for table `USAGE_DETAIL`
--

DROP TABLE IF EXISTS `USAGE_DETAIL`;
/*!40101 SET @saved_cs_client     = @@character_set_client */;
/*!40101 SET character_set_client = utf8 */;
CREATE TABLE `USAGE_DETAIL` (
  `ID` int(11) NOT NULL AUTO_INCREMENT,
  `USAGE_SUMMARY` int(11) NOT NULL,
  `SERVICE_TYPE` int(11) NOT NULL COMMENT '1=TEXT,2=IMAGE,3=VIDEO,4=LIVESTREAM,5=VOIP,6=VIDEOCALL',
  `FROM` varchar(256) DEFAULT NULL,
  `TO` varchar(256) DEFAULT NULL,
  `CONTENT_ID` varchar(245) DEFAULT NULL,
  `CONTENT` varchar(1000) DEFAULT NULL,
  `USAGE_DATE` datetime NOT NULL,
  `DURATION` int(11) DEFAULT NULL,
  `CREATED_AT` datetime NOT NULL DEFAULT CURRENT_TIMESTAMP,
  PRIMARY KEY (`ID`)
) ENGINE=InnoDB AUTO_INCREMENT=77 DEFAULT CHARSET=latin1;
/*!40101 SET character_set_client = @saved_cs_client */;

--
-- Dumping data for table `USAGE_DETAIL`
--

LOCK TABLES `USAGE_DETAIL` WRITE;
/*!40000 ALTER TABLE `USAGE_DETAIL` DISABLE KEYS */;
INSERT INTO `USAGE_DETAIL` VALUES (1,7,2,'Dhani  ','aris  ','02a49368b11613379282362',NULL,'2021-02-15 09:25:30',NULL,'2021-02-15 16:25:34'),(2,7,2,'Dhani  ','aris  ','02a49368b11613379282374',NULL,'2021-02-15 09:32:26',NULL,'2021-02-15 16:32:30'),(3,7,2,'Dhani  ','aris  ','02a49368b11613381571166',NULL,'2021-02-15 09:37:05',NULL,'2021-02-15 16:37:09'),(4,7,2,'Dhani  ','kaka  ','02a49368b11613381571166',NULL,'2021-02-15 09:37:05',NULL,'2021-02-15 16:37:12'),(5,7,2,'eSTEST_USR02a3cd84c5  ','USR02a4843da6 ','02a3cd84c51613381025041',NULL,'2021-02-15 09:43:03',NULL,'2021-02-15 16:43:06'),(6,7,2,'USR02a4843da6 ','eSTEST_USR02a3cd84c5  ','02a4843da61613382106011',NULL,'2021-02-15 09:43:11',NULL,'2021-02-15 16:43:14'),(7,109,1,'raka  ','aurel  ','02a9ca2aa81613461320875',NULL,'2021-02-16 08:06:52',0,'2021-02-16 15:06:56'),(8,109,1,'raka  ','joni  ','02a9ca2aa81613461320875',NULL,'2021-02-16 08:06:52',0,'2021-02-16 15:06:59'),(9,109,1,'raka  ','haris  ','02a9ca2aa81613461320875',NULL,'2021-02-16 08:06:52',0,'2021-02-16 15:07:02'),(10,109,1,'raka  ','Febian  ','02a9ca2aa81613461320875',NULL,'2021-02-16 08:06:52',0,'2021-02-16 15:07:05'),(11,109,1,'raka  ','lala  ','02a9ca2aa81613461320875',NULL,'2021-02-16 08:06:52',0,'2021-02-16 15:07:07'),(12,109,1,'lala  ','joni  ','02a9cc986c1613461468984',NULL,'2021-02-16 08:07:00',0,'2021-02-16 15:07:10'),(13,109,1,'lala  ','aurel  ','02a9cc986c1613461468984',NULL,'2021-02-16 08:07:00',0,'2021-02-16 15:07:13'),(14,109,1,'lala  ','raka  ','02a9cc986c1613461468984',NULL,'2021-02-16 08:07:00',0,'2021-02-16 15:07:16'),(15,109,1,'lala  ','haris  ','02a9cc986c1613461468984',NULL,'2021-02-16 08:07:00',0,'2021-02-16 15:07:19'),(16,109,1,'lala  ','Febian  ','02a9cc986c1613461468984',NULL,'2021-02-16 08:07:00',0,'2021-02-16 15:07:21'),(17,109,1,'joni  ','aurel  ','02a9cd21be1613462649253',NULL,'2021-02-16 08:07:05',0,'2021-02-16 15:07:24'),(18,109,1,'joni  ','haris  ','02a9cd21be1613462649253',NULL,'2021-02-16 08:07:05',0,'2021-02-16 15:07:27'),(19,109,1,'joni  ','lala  ','02a9cd21be1613462649253',NULL,'2021-02-16 08:07:05',0,'2021-02-16 15:07:30'),(20,109,1,'joni  ','Febian  ','02a9cd21be1613462649253',NULL,'2021-02-16 08:07:05',0,'2021-02-16 15:07:33'),(21,109,1,'joni  ','raka  ','02a9cd21be1613462649253',NULL,'2021-02-16 08:07:05',0,'2021-02-16 15:07:36'),(22,109,1,'aurel  ','haris  ','02a9d4a9341613461927923',NULL,'2021-02-16 08:07:10',0,'2021-02-16 15:07:38'),(23,109,1,'aurel  ','joni  ','02a9d4a9341613461927923',NULL,'2021-02-16 08:07:10',0,'2021-02-16 15:07:41'),(24,109,1,'aurel  ','raka  ','02a9d4a9341613461927923',NULL,'2021-02-16 08:07:10',0,'2021-02-16 15:07:44'),(25,109,1,'aurel  ','Febian  ','02a9d4a9341613461927923',NULL,'2021-02-16 08:07:10',0,'2021-02-16 15:07:47'),(26,109,1,'aurel  ','lala  ','02a9d4a9341613461927923',NULL,'2021-02-16 08:07:10',0,'2021-02-16 15:07:50'),(27,109,1,'haris  ','aurel  ','02a9cd94c11613461529670',NULL,'2021-02-16 08:07:15',0,'2021-02-16 15:07:52'),(28,109,1,'haris  ','joni  ','02a9cd94c11613461529670',NULL,'2021-02-16 08:07:15',0,'2021-02-16 15:07:55'),(29,109,1,'haris  ','lala  ','02a9cd94c11613461529670',NULL,'2021-02-16 08:07:15',0,'2021-02-16 15:07:58'),(30,109,1,'haris  ','raka  ','02a9cd94c11613461529670',NULL,'2021-02-16 08:07:15',0,'2021-02-16 15:08:01'),(31,109,1,'haris  ','Febian  ','02a9cd94c11613461529670',NULL,'2021-02-16 08:07:15',0,'2021-02-16 15:08:04'),(32,109,1,'Febian  ','aurel  ','02a9d8fbb01613462681071',NULL,'2021-02-16 08:07:22',0,'2021-02-16 15:08:07'),(33,109,1,'Febian  ','haris  ','02a9d8fbb01613462681071',NULL,'2021-02-16 08:07:22',0,'2021-02-16 15:08:10'),(34,109,1,'Febian  ','joni  ','02a9d8fbb01613462681071',NULL,'2021-02-16 08:07:22',0,'2021-02-16 15:08:12'),(35,109,1,'Febian  ','lala  ','02a9d8fbb01613462681071',NULL,'2021-02-16 08:07:22',0,'2021-02-16 15:08:15'),(36,109,1,'Febian  ','raka  ','02a9d8fbb01613462681071',NULL,'2021-02-16 08:07:22',0,'2021-02-16 15:08:18'),(37,109,1,'haris  ','raka  ','02a9cd94c11613461529679',NULL,'2021-02-16 08:08:18',0,'2021-02-16 15:08:23'),(38,109,1,'haris  ','joni  ','02a9cd94c11613461529679',NULL,'2021-02-16 08:08:18',0,'2021-02-16 15:08:25'),(39,109,1,'haris  ','aurel  ','02a9cd94c11613461529679',NULL,'2021-02-16 08:08:18',0,'2021-02-16 15:08:28'),(40,109,1,'haris  ','Febian  ','02a9cd94c11613461529679',NULL,'2021-02-16 08:08:18',0,'2021-02-16 15:08:31'),(41,109,1,'aurel  ','joni  ','02a9d4a9341613461927937',NULL,'2021-02-16 08:08:21',0,'2021-02-16 15:08:34'),(42,109,1,'aurel  ','raka  ','02a9d4a9341613461927937',NULL,'2021-02-16 08:08:21',0,'2021-02-16 15:08:37'),(43,109,1,'aurel  ','haris  ','02a9d4a9341613461927937',NULL,'2021-02-16 08:08:21',0,'2021-02-16 15:08:39'),(44,109,1,'aurel  ','Febian  ','02a9d4a9341613461927937',NULL,'2021-02-16 08:08:21',0,'2021-02-16 15:08:42'),(45,109,1,'haris  ','lala  ','02a9cd94c11613461529679',NULL,'2021-02-16 08:08:18',0,'2021-02-16 15:08:45'),(46,109,1,'aurel  ','lala  ','02a9d4a9341613461927937',NULL,'2021-02-16 08:08:21',0,'2021-02-16 15:08:48'),(47,109,1,'raka  ','aurel  ','02a9ca2aa81613461320902',NULL,'2021-02-16 08:08:23',0,'2021-02-16 15:08:51'),(48,109,1,'raka  ','joni  ','02a9ca2aa81613461320902',NULL,'2021-02-16 08:08:23',0,'2021-02-16 15:08:53'),(49,109,1,'raka  ','haris  ','02a9ca2aa81613461320902',NULL,'2021-02-16 08:08:23',0,'2021-02-16 15:08:56'),(50,109,1,'raka  ','lala  ','02a9ca2aa81613461320902',NULL,'2021-02-16 08:08:23',0,'2021-02-16 15:08:59'),(51,109,1,'raka  ','Febian  ','02a9ca2aa81613461320902',NULL,'2021-02-16 08:08:23',0,'2021-02-16 15:09:02'),(52,109,1,'lala  ','joni  ','02a9cc986c1613461469011',NULL,'2021-02-16 08:08:25',0,'2021-02-16 15:09:05'),(53,109,1,'lala  ','raka  ','02a9cc986c1613461469011',NULL,'2021-02-16 08:08:25',0,'2021-02-16 15:09:08'),(54,109,1,'lala  ','haris  ','02a9cc986c1613461469011',NULL,'2021-02-16 08:08:25',0,'2021-02-16 15:09:10'),(55,109,1,'lala  ','Febian  ','02a9cc986c1613461469011',NULL,'2021-02-16 08:08:25',0,'2021-02-16 15:09:13'),(56,109,1,'lala  ','aurel  ','02a9cc986c1613461469011',NULL,'2021-02-16 08:08:25',0,'2021-02-16 15:09:16'),(57,109,1,'joni  ','aurel  ','02a9cd21be1613462649280',NULL,'2021-02-16 08:08:28',0,'2021-02-16 15:09:19'),(58,109,1,'joni  ','haris  ','02a9cd21be1613462649280',NULL,'2021-02-16 08:08:28',0,'2021-02-16 15:09:22'),(59,109,1,'joni  ','Febian  ','02a9cd21be1613462649280',NULL,'2021-02-16 08:08:28',0,'2021-02-16 15:09:24'),(60,109,1,'joni  ','raka  ','02a9cd21be1613462649280',NULL,'2021-02-16 08:08:28',0,'2021-02-16 15:09:27'),(61,109,1,'joni  ','lala  ','02a9cd21be1613462649280',NULL,'2021-02-16 08:08:28',0,'2021-02-16 15:09:30'),(62,109,1,'raka  ','joni  ','02a9ca2aa81613461320921',NULL,'2021-02-16 08:11:06',0,'2021-02-16 15:11:11'),(63,109,1,'raka  ','haris  ','02a9ca2aa81613461320934',NULL,'2021-02-16 08:11:30',0,'2021-02-16 15:11:34'),(64,109,2,'raka  ','haris  ','02a9ca2aa81613461320942',NULL,'2021-02-16 08:12:14',0,'2021-02-16 15:12:19'),(65,109,3,'raka  ','haris  ','02a9ca2aa81613461320952',NULL,'2021-02-16 08:12:52',0,'2021-02-16 15:14:30'),(66,109,2,'haris  ','raka  ','02a9cd94c11613461529716',NULL,'2021-02-16 08:15:59',0,'2021-02-16 15:16:04'),(67,109,6,'lala  ',NULL,'77+9ChXdpu+/vQhH77+977+9Qu+/vQRK77+977+977+977+9Plfvv73vv71pe3wk77+9DQ48OO+/vQ==',NULL,'2021-02-16 08:10:42',6,'2021-02-16 15:16:10'),(68,109,6,'Febian  ',NULL,'77+9ChXdpu+/vQhH77+977+9Qu+/vQRK77+977+977+977+9Plfvv73vv71pe3wk77+9DQ48OO+/vQ==',NULL,'2021-02-16 08:10:42',6,'2021-02-16 15:16:13'),(69,109,5,'joni  ',NULL,'Bgtb77+9CE3vv73vv71QKHDvv73vv71i77+9C++/ve+/vVxo77+9AR3vv70x36QBRzbvv70=',NULL,'2021-02-16 08:09:57',7,'2021-02-16 15:16:24'),(70,109,5,'aurel  ',NULL,'Bgtb77+9CE3vv73vv71QKHDvv73vv71i77+9C++/ve+/vVxo77+9AR3vv70x36QBRzbvv70=',NULL,'2021-02-16 08:09:57',7,'2021-02-16 15:16:27'),(71,109,4,'lala  ',NULL,'IO+/ve+/ve+/ve+/ve+/ve+/vS7vv70f77+977+977+977+977+977+977+9HO+/ve+/vTfvv73vv73vv73vv70UTRAabivvv70=',NULL,'2021-02-16 08:16:58',4,'2021-02-16 15:20:43'),(72,109,1,'Febian  ','aurel  ','02a9d8fbb01613462681100',NULL,'2021-02-16 08:28:56',0,'2021-02-16 15:28:59'),(73,109,1,'Febian  ','raka  ','02a9d8fbb01613462681100',NULL,'2021-02-16 08:28:56',0,'2021-02-16 15:29:02'),(74,109,1,'Febian  ','haris  ','02a9d8fbb01613462681100',NULL,'2021-02-16 08:28:56',0,'2021-02-16 15:29:04'),(75,109,1,'Febian  ','joni  ','02a9d8fbb01613462681100',NULL,'2021-02-16 08:28:56',0,'2021-02-16 15:29:07'),(76,109,1,'Febian  ','lala  ','02a9d8fbb01613462681100',NULL,'2021-02-16 08:28:56',0,'2021-02-16 15:29:10');
/*!40000 ALTER TABLE `USAGE_DETAIL` ENABLE KEYS */;
UNLOCK TABLES;

--
-- Table structure for table `USAGE_LIMIT`
--

DROP TABLE IF EXISTS `USAGE_LIMIT`;
/*!40101 SET @saved_cs_client     = @@character_set_client */;
/*!40101 SET character_set_client = utf8 */;
CREATE TABLE `USAGE_LIMIT` (
  `ID` int(11) NOT NULL AUTO_INCREMENT,
  `NAME` varchar(64) NOT NULL,
  `LIMIT` int(11) NOT NULL,
  PRIMARY KEY (`ID`)
) ENGINE=InnoDB AUTO_INCREMENT=7 DEFAULT CHARSET=utf8mb4;
/*!40101 SET character_set_client = @saved_cs_client */;

--
-- Dumping data for table `USAGE_LIMIT`
--

LOCK TABLES `USAGE_LIMIT` WRITE;
/*!40000 ALTER TABLE `USAGE_LIMIT` DISABLE KEYS */;
INSERT INTO `USAGE_LIMIT` VALUES (1,'TEXT',5000000),(2,'IMAGE',50000),(3,'VIDEO',5000),(4,'LIVESTREAM',3000),(5,'VOIP_CALL',50000),(6,'VIDEO_CALL',500);
/*!40000 ALTER TABLE `USAGE_LIMIT` ENABLE KEYS */;
UNLOCK TABLES;

--
-- Table structure for table `USAGE_SUMMARY`
--

DROP TABLE IF EXISTS `USAGE_SUMMARY`;
/*!40101 SET @saved_cs_client     = @@character_set_client */;
/*!40101 SET character_set_client = utf8 */;
CREATE TABLE `USAGE_SUMMARY` (
  `ID` int(11) NOT NULL AUTO_INCREMENT,
  `COMPANY_ID` int(11) NOT NULL,
  `TEXT_RECIPIENT` int(11) DEFAULT '0',
  `IMG_RECIPIENT` int(11) DEFAULT '0',
  `VIDEO_RECIPIENT` int(11) DEFAULT '0',
  `LS_MINUTES` int(11) DEFAULT '0',
  `VOIP_MINUTES` int(11) DEFAULT '0',
  `VC_MINUTES` int(11) DEFAULT '0',
  `CREATED_AT` date NOT NULL,
  PRIMARY KEY (`ID`),
  UNIQUE KEY `UNIQUE_COMPANY_ID_CREATED_AT` (`COMPANY_ID`,`CREATED_AT`)
) ENGINE=InnoDB AUTO_INCREMENT=179 DEFAULT CHARSET=latin1;
/*!40101 SET character_set_client = @saved_cs_client */;

--
-- Dumping data for table `USAGE_SUMMARY`
--

LOCK TABLES `USAGE_SUMMARY` WRITE;
/*!40000 ALTER TABLE `USAGE_SUMMARY` DISABLE KEYS */;
INSERT INTO `USAGE_SUMMARY` VALUES (1,1,0,0,0,1,2,0,'2021-02-11'),(5,1,0,0,0,0,2,0,'2021-02-13'),(7,7,0,14,0,28,54,2,'2021-02-15'),(109,11,62,2,1,4,14,12,'2021-02-16');
/*!40000 ALTER TABLE `USAGE_SUMMARY` ENABLE KEYS */;
UNLOCK TABLES;

--
-- Table structure for table `USER_ACCOUNT`
--

DROP TABLE IF EXISTS `USER_ACCOUNT`;
/*!40101 SET @saved_cs_client     = @@character_set_client */;
/*!40101 SET character_set_client = utf8 */;
CREATE TABLE `USER_ACCOUNT` (
  `ID` int(11) NOT NULL AUTO_INCREMENT,
  `COMPANY` int(11) NOT NULL,
  `USERNAME` varchar(64) NOT NULL,
  `EMAIL_ACCOUNT` varchar(64) NOT NULL,
  `PASSWORD` varchar(256) NOT NULL,
  `STATUS` tinyint(2) NOT NULL,
  `HASH` varchar(32) DEFAULT NULL,
  `ACTIVE` tinyint(2) DEFAULT NULL,
  `STATE` int(11) NOT NULL DEFAULT '0',
  PRIMARY KEY (`ID`),
  UNIQUE KEY `UA$AK2` (`EMAIL_ACCOUNT`),
  KEY `UA$IE1` (`COMPANY`)
) ENGINE=InnoDB AUTO_INCREMENT=12 DEFAULT CHARSET=latin1;
/*!40101 SET character_set_client = @saved_cs_client */;

--
-- Dumping data for table `USER_ACCOUNT`
--

LOCK TABLES `USER_ACCOUNT` WRITE;
/*!40000 ALTER TABLE `USER_ACCOUNT` DISABLE KEYS */;
INSERT INTO `USER_ACCOUNT` VALUES (1,1,'easysoft4','easysoft.tebet4@gmail.com','e71b2e99a78da9c585fa1698501e527e',1,'94c7bb58efc3b337800875b5d382a072',1,2),(7,7,'eSTEST_account','d3zwdmkyw3@safemail.icu','e0a8aa81eb1762d529783cf587f6f422',3,'c22abfa379f38b5b0411bc11fa9bf92f',3,3),(8,8,'eSTEST_007','surya.sunarya00@gmail.com','2481656a94ba52fd208ea3b8f7e1d645',3,'1595af6435015c77a7149e92a551338e',3,3),(9,9,'nemihi6529','nemihi6529@wedbo.net','fd1a8998610a3aaca9465a43c7b1c82f',0,'3ad7c2ebb96fcba7cda0cf54a2e802f5',0,0),(10,10,'SkullGod','mukundhan.arunr@gmail.com','9e2f636e59406f517ae9be718155237f',0,'1aa48fc4880bb0c9b8a3bf979d3b917e',0,0),(11,11,'eSTEST_trial','3app81kutb@inscriptio.in','e0a8aa81eb1762d529783cf587f6f422',3,'cedebb6e872f539bef8c3f919874e9d7',3,3);
/*!40000 ALTER TABLE `USER_ACCOUNT` ENABLE KEYS */;
UNLOCK TABLES;

--
-- Dumping routines for database 'new_nus'
--
/*!40103 SET TIME_ZONE=@OLD_TIME_ZONE */;

/*!40101 SET SQL_MODE=@OLD_SQL_MODE */;
/*!40014 SET FOREIGN_KEY_CHECKS=@OLD_FOREIGN_KEY_CHECKS */;
/*!40014 SET UNIQUE_CHECKS=@OLD_UNIQUE_CHECKS */;
/*!40101 SET CHARACTER_SET_CLIENT=@OLD_CHARACTER_SET_CLIENT */;
/*!40101 SET CHARACTER_SET_RESULTS=@OLD_CHARACTER_SET_RESULTS */;
/*!40101 SET COLLATION_CONNECTION=@OLD_COLLATION_CONNECTION */;
/*!40111 SET SQL_NOTES=@OLD_SQL_NOTES */;

-- Dump completed on 2021-02-16 15:42:55
